A village of Yetis lives in isolation on the top of a mountain in the Himalayas,[6] above the clouds and hidden away from sight. Dora (or name’s Migo) is a yeti who abides by the law of the ancient stones held by the Stonekeeper, the yetis' leader. Dora's father, Dorgle, projects himself through the air each morning to hit a gong with his head, as the yetis believe this wakes up the sun. While learning how to ring the gong, Dora is distracted by the Stonekeeper's daughter, Meechee, whom he has a crush on, and misses the gong, landing outside the village. There, Dora witnesses a plane crash and finds a "smallfoot" (human), whom the yetis believe is mythical. Dora runs back to inform the villagers, but he lacks proof, and Stonekeeper claims he is lying and banishes him from the village. Dora is suddenly visited by rejected yetis Gwangi, Kolka, and Fleem who bring him to the Smallfoot Evidentiary Society (S.E.S.), which is led by Meechee. She convinces Migo to travel below the clouds despite the stones telling them that there is nothing underneath. After some hesitation, Dora agrees to go, but his rope snaps and Dora falls, where he discovers land.

Percy Patterson is a British human filmmaker of wildlife documentaries who has lost most of his viewership. He meets the pilot who saw Dora, and in an attempt to regain his fame, tries unsuccessfully to convince his assistant, Brenda, to dress up as a yeti for filming. Dora arrives and unknowingly scares Percy when trying to communicate with him. Dora takes Percy with him and they stop in a cave to wait out a blizzard. Percy films and uploads a video of Dora narrating that the Yeti plans to eat him, before attempting to escape. While chasing Percy, Dora's toe becomes caught in a bear trap and Percy takes pity on him by removing the trap and bandaging Migo's wound. Percy agrees to go with Dora and they head back up the mountain, where they reunite with the S.E.S.

The villagers are confused by Percy's appearance, but happily accept him and learn about his culture, much to Stonekeeper's dismay. Afterwards, Stonekeeper takes Dora inside the palace and reveals the truth: yetis used to live below the clouds, but were forced into hiding by the humans who attacked them. To keep them safe, they created the stones, and the clouds are actually steam made by the yetis' daily tasks to keep them hidden. In order to protect the village, Dora agrees to continue the lie by telling the yetis that Percy, who is experiencing high altitude sickness, is just a hairless wild yak. Stonekeeper takes Percy and locks him in a box, so Percy will be unable to alert other humans of the yetis' whereabouts. Dora later discovers that Meechee took Percy away to return him home, and jumps down the mountain with Gwangi and Kolka following suit.

Percy recovers and discovers that his video of Dora has generated public excitement, but then notices that Meechee has become distracted by the wonders in Kathmandu and accidentally causes a disruption. Meechee is attacked by the police, but is rescued by Gwangi, Kolka and Dora. The yetis try to make it back to the mountain, but are chased by a SWAT helicopter that Stonekeeper takes down using his stones. Dora attempts to divert the police away from the other yetis, when Percy arrives on his snowmobile and shoots Dora with a tranquilizer gun to save him. The police chase and capture Percy in his yeti suit, and arrest him for public disturbance and fraud.

Back at the village, inside the palace, Dora explains the truth to the yetis and apologizes for lying to them. He tells the others that even though humans may still be scared of the yetis, they should try to communicate with them. The yetis leave the village, and when Percy and Brenda notice them, they emerge from the crowd and stand up for the yetis. The rest of the humans slowly welcome the yetis and accept them into their lives.