In 1886, during the British Raj in India, Mowgli is the 5-year-old son of the widowed Nathoo, whose wife died in childbirth. Nathoo works as a tour guide. On one of his tours, he leads Colonel Geoffrey Brydon and his men, as well as Brydon's 5-year-old daughter Katherine nicknamed Kitty. Local hunter Buldeo and two soldiers kill several animals for sport, which enrages Shere Khan, a tiger who serves as the jungle's keeper, and he begins to pursue the tour group. That night, Kitty gives Mowgli her late mother's bracelet as a gift. Mowgli tells Nathoo of a dream where he faced Shere Khan and showed no fear, becoming a tiger himself. Shere Khan attacks the encampment. He succeeds in killing the two soldiers, but when he tries to kill Buldeo, Nathoo defends him and is subsequently mauled to death by Shere Khan. In the confusion, Mowgli is lost in the jungle with his pet wolf cub, Grey Brother, and Brydon and his men presume him killed. Mowgli is taken by Bagheera, a gentle black panther, to the wolf pack. Mowgli also befriends a bear cub named Baloo.

Twenty years later, Mowgli, now an adult, discovers Monkey City, a legendary ancient city filled with treasure belonging to King Louie the orangutan, who has his treasure guarded by Kaa the python. Forced to fight for his life, Mowgli succeeds in wounding the snake with a golden dagger that he retrieves from the treasure horde. Winning King Louie's respect, Mowgli keeps the dagger as a trophy.

Elsewhere, Kitty and Colonel Brydon are still stationed in India. She and Mowgli meet again, but neither recognize the other. Kitty is also in a relationship with one of Brydon's soldiers, Captain William Boone. Infatuated with her, Mowgli travels to Kitty's village and enters her home, alerting the guards. Kitty sees that Mowgli is wearing her mother's bracelet and realizes who he is. Boone and his men manage to capture Mowgli and find the dagger from Monkey City in his possession. Kitty and Dr. Julius Plumford, a good friend of Brydon's, decide that they must reintroduce Mowgli to civilization. In doing so, Mowgli and Kitty fall in love, much to Boone's displeasure. Eventually, Boone convinces Mowgli to tell him of Monkey City and the treasure hoard that it holds, but Mowgli refrains from revealing its location to Boone upon realizing his lack of respect for the jungle. Boone later proposes to Kitty, although she is hesitant to concede. Around this time, after Boone and his men publicly humiliate him, Mowgli returns to the jungle as he does not feel at home in the village. After Boone's cruel treatment of Mowgli, Kitty realizes she cannot marry Boone, so she decides to go back to England to get away from him.

Meanwhile, Boone and his associates Lieutenant Wilkins and Sergeant Harley team up with Buldeo. They recruit a jungle guide named Tabaqui and gather some bandits to capture Mowgli in order to find out where the treasure is. Wilkins and Boone shoot Baloo when he comes to Mowgli's defense, much to Mowgli's distress. Buldeo and the bandits then ambush Kitty and Brydon, who is shot and wounded in the process. Even though Mowgli, along with Bagheera, Grey Brother, and the rest of the wolves, attack and kill most of the bandits, Buldeo manages to capture Kitty and Brydon and hands them over to Boone and his men, who plan to use them as blackmail: If Mowgli leads them to the treasure, Kitty and her father shall live. That night, the group learn Shere Khan is hunting them due to their shooting of Baloo. Because of this, Mowgli decides to escape.

The next morning, Harley catches Mowgli escaping with the aid of Bagheera and chases him, only to fall into quicksand and drown, despite Wilkins' attempts to save him. Mowgli then has an elephant take the injured Brydon back to the village, after promising him to rescue Kitty. As the group make progress, Tabaqui decides that Mowgli is no longer needed and tries to murder him, only to be killed himself after toppling off a cliff. Later, Wilkins becomes separated from the group and is mauled to death by Shere Khan. Eventually, the remaining party enters Monkey City, where Buldeo inadvertently entombs himself in a trap while trying to shoot Mowgli. Only Mowgli, Kitty and Boone reach the treasure room, where Mowgli and Boone engage in a fierce fight until Mowgli injures Boone with another dagger. Mowgli then escapes with Kitty, while Boone begins greedily pocketing treasure, only for King Louie to summon Kaa, who proceeds to attack and kill Boone.

As they escape from Monkey City, Mowgli and Kitty are confronted by Shere Khan, who roars at them. However, Mowgli roars back, leading Shere Khan to become impressed at his bravery, acknowledge him as a creature of the jungle, and allow Mowgli and Kitty to leave peacefully.

Mowgli and Kitty meet both the Colonel and Baloo, both of whom have recovered from their injuries under Plumford's care. Mowgli becomes the new lord of the jungle after fulfilling his childhood dream of facing Shere Khan with no fear and he begins a relationship with Kitty.
