Title,House,Decade,Year,Category,Movie_len,Avg_WordLen_Movie,Avg_PhrLen_Movie,Avg_WordLen_Phrase,Num_Adjectives,Num_Adverbs
Chicken Run,Aardman,2000,2000,Animation,0.19739208633093525,0.37113402061855627,0.19775596072931273,0.7105263157894737,0.22904368358913813,0.22618181818181818
Flushed Away,Aardman,2000,2006,Animation,0.2965377697841727,0.3195876288659796,0.18232819074333811,0.6894736842105267,0.40259740259740256,0.30981818181818177
Wallace And Gromit In The Curse Of The Were-Rabbit,Aardman,2000,2005,Animation,0.07149280575539568,0.876288659793814,0.26788218793828894,0.8736842105263156,0.15702479338842973,0.09454545454545454
Arthur Christmas,Aardman,2010,2011,Animation,0.38893884892086333,0.3814432989690726,0.16409537166900418,0.8631578947368423,0.42266824085005905,0.3818181818181818
Early Man,Aardman,2010,2018,Animation,0.22751798561151082,0.40206185567010344,0.11781206171108,0.8052631578947367,0.2337662337662338,0.20872727272727273
Shaun the Sheep Movie,Aardman,2010,2015,Animation,0.03529676258992806,0.20618556701030943,0.15988779803646574,0.16842105263157925,0.005903187721369538,0.023999999999999997
The Pirates In An Adventure With Scientists,Aardman,2010,2012,Animation,0.3370053956834533,0.44329896907216515,0.18934081346423565,0.8894736842105264,0.43919716646989376,0.3949090909090909
Horton Hears a Who,Blue,2000,2008,Animation,0.3235161870503597,0.463917525773196,0.1879382889200562,0.7684210526315789,0.41440377804014167,0.3454545454545454
Ice Age 2-The Meltdown,Blue,2000,2006,Animation,0.20301258992805754,0.25773195876288657,0.22440392706872375,0.631578947368421,0.24439197166469895,0.2501818181818181
Ice Age Dawn of the Dinosaurs,Blue,2000,2009,Animation,0.22144784172661874,0.24742268041237114,0.18653576437587654,0.5631578947368421,0.27744982290436837,0.2734545454545454
Ice Age,Blue,2000,2002,Animation,0.17221223021582732,0.20618556701030943,0.21879382889200566,0.5736842105263158,0.21369539551357736,0.20509090909090907
Epic,Blue,2010,2013,Animation,0.30058453237410077,0.195876288659794,0.25666199158485276,0.5052631578947369,0.36717827626918537,0.4378181818181818
Ferdinand,Blue,2010,2017,Animation,0.36330935251798563,0.16494845360824772,0.20056100981767183,0.5210526315789472,0.42384887839433294,0.3752727272727272
Ice Age 3 Continental Drift,Blue,2010,2012,Animation,0.2673111510791367,0.28865979381443285,0.1556802244039271,0.6368421052631577,0.30342384887839435,0.29527272727272724
Ice Age Collision Course,Blue,2010,2016,Animation,0.3028327338129497,0.41237113402061887,0.25105189340813466,0.6789473684210525,0.44510035419126326,0.3636363636363636
Rio 2,Blue,2010,2014,Animation,0.39748201438848924,0.32989690721649456,0.16690042075736328,0.6842105263157892,0.5277449822904368,0.42181818181818176
Rio,Blue,2010,2011,Animation,0.3846672661870504,0.22680412371133984,0.15848527349228608,0.6263157894736844,0.43919716646989376,0.429090909090909
Robots,Blue,2010,2005,Animation,0.2821492805755396,0.20618556701030943,0.25105189340813466,0.6000000000000003,0.3659976387249114,0.30399999999999994
Spies in Disguise,Blue,2010,2019,Animation,0.36982913669064754,0.34020618556701043,0.14866760168302945,0.8105263157894738,0.42739079102715466,0.36799999999999994
The Peanuts Movie,Blue,2010,2015,Animation,0.1904226618705036,0.4226804123711343,0.26788218793828894,0.7789473684210526,0.2857142857142857,0.232
Snow White and the Seven Dwarfs,Disney,1930,1937,Animation,0.19064748201438853,0.16494845360824772,0.16690042075736328,0.5789473684210529,0.24793388429752067,0.1949090909090909
Bambi,Disney,1940,1942,Animation,0.07936151079136691,0.41237113402061887,0.1472650771388499,0.9157894736842105,0.09327036599763873,0.07490909090909091
Dumbo,Disney,1940,1941,Animation,0.18435251798561153,0.34020618556701043,0.17671809256662002,0.6210526315789477,0.24439197166469895,0.19272727272727272
Pinocchio,Disney,1940,1940,Animation,0.29473920863309355,0.32989690721649456,0.16830294530154283,0.6842105263157892,0.43919716646989376,0.2923636363636363
The Adventures of Ichabod and Mr Toad,Disney,1940,1949,Animation,0.12162769784172663,0.711340206185568,0.5273492286115009,0.5473684210526317,0.3246753246753247,0.18181818181818182
Alice in Wonderland,Disney,1950,1951,Animation,0.2706834532374101,0.3505154639175254,0.24544179523141657,0.5526315789473684,0.40613931523022434,0.3469090909090909
Cinderella,Disney,1950,1950,Animation,0.23493705035971224,0.4329896907216497,0.18934081346423565,0.726315789473684,0.2798110979929162,0.27054545454545453
Lady and the Tramp,Disney,1950,1955,Animation,0.22999100719424465,0.32989690721649456,0.20056100981767183,0.6526315789473685,0.31759149940968123,0.2727272727272727
Peter Pan,Disney,1950,1953,Animation,0.32149280575539574,0.268041237113402,0.1879382889200562,0.6631578947368417,0.3600944510035419,0.2836363636363636
Sleeping Beauty,Disney,1950,1959,Animation,0.1926708633093525,0.47422680412371143,0.16970546984572227,0.6947368421052633,0.27744982290436837,0.224
One Hundred and One Dalmatians,Disney,1960,1961,Animation,0.27832733812949645,0.3505154639175254,0.15988779803646574,0.9210526315789471,0.42384887839433294,0.29309090909090907
The Jungle Book,Disney,1960,1967,Animation,0.28664568345323743,0.24742268041237114,0.1879382889200562,0.5684210526315787,0.36481700118063753,0.3236363636363636
The Sword in the Stone,Disney,1960,1963,Animation,0.2893435251798561,0.3092783505154637,0.24684431977559612,0.6368421052631577,0.42857142857142855,0.3367272727272727
Robin Hood,Disney,1970,1973,Animation,0.25786870503597126,0.40206185567010344,0.23422159887798039,0.631578947368421,0.42739079102715466,0.30618181818181817
The AristoCats,Disney,1970,1970,Animation,0.25472122302158273,0.48453608247422686,0.23001402524544184,0.7578947368421052,0.4049586776859504,0.3185454545454545
The Rescuers,Disney,1970,1977,Animation,0.18098021582733814,0.391752577319588,0.15427769985974765,0.8631578947368423,0.2668240850059032,0.21381818181818182
Winnie the Pooh,Disney,1970,1977,Animation,0.302158273381295,0.37113402061855627,0.2833099579242638,0.631578947368421,0.46399055489964575,0.41018181818181815
Oliver and Company,Disney,1980,1988,Animation,0.2879946043165468,0.268041237113402,0.1851332398316971,0.5684210526315787,0.3565525383707202,0.296
The Black Cauldrion,Disney,1980,1985,Animation,0.21785071942446044,0.2783505154639174,0.16129032258064518,0.6947368421052633,0.2526564344746163,0.2545454545454545
The Fox And The Hound,Disney,1980,1981,Animation,0.17715827338129497,0.47422680412371143,0.1556802244039271,0.6368421052631577,0.2939787485242031,0.19999999999999998
The Great Mouse Detective,Disney,1980,1986,Animation,0.1875,0.47422680412371143,0.19775596072931273,0.8368421052631578,0.30460448642266824,0.2538181818181818
The Little Mermaid,Disney,1980,1989,Animation,0.2335881294964029,0.34020618556701043,0.32117812061711076,0.49473684210526314,0.4085005903187721,0.3221818181818181
A Bug's Life,Disney,1990,1998,Animation,0.3860161870503597,0.268041237113402,0.21598877980364656,0.6368421052631577,0.4687131050767414,0.4734545454545454
A Goofy Movie,Disney,1990,1995,Animation,0.31250000000000006,0.20618556701030943,0.17812061711079946,0.6631578947368417,0.3659976387249114,0.3556363636363636
Aladdin,Disney,1990,1992,Animation,0.3473471223021583,0.3195876288659796,0.26507713884992995,0.536842105263158,0.5206611570247933,0.40509090909090906
Beauty and the Beast,Disney,1990,1991,Animation,0.2846223021582734,0.2989690721649487,0.34081346423562425,0.44736842105263164,0.42502951593860683,0.40072727272727265
DuckTales The Movie - Treasure of the Lost Lamp,Disney,1990,1990,Animation,0.20121402877697842,0.36082474226804173,0.24263674614305758,0.631578947368421,0.2939787485242031,0.2407272727272727
Hercules,Disney,1990,1997,Animation,0.35723920863309355,0.268041237113402,0.26788218793828894,0.5421052631578946,0.538370720188902,0.41890909090909084
Mulan,Disney,1990,1998,Animation,0.2165017985611511,0.608247422680412,0.27629733520336613,0.6368421052631577,0.3270365997638725,0.20509090909090907
Pocahontas,Disney,1990,1995,Animation,0.2763039568345324,0.36082474226804173,0.30575035063113615,0.5105263157894739,0.33412042502951594,0.35418181818181815
Tarzan,Disney,1990,1999,Animation,0.19694244604316546,0.28865979381443285,0.21037868162692847,0.7,0.19952774498229042,0.24436363636363637
The Hunchback of Notre Dame,Disney,1990,1996,Animation,0.2859712230215828,0.4226804123711343,0.2748948106591866,0.6894736842105267,0.42739079102715466,0.37236363636363634
The Lion King,Disney,1990,1994,Animation,0.3257643884892087,0.25773195876288657,0.21318373071528757,0.5526315789473684,0.3884297520661157,0.3694545454545454
The Nightmare Before Christmas,Disney,1990,1993,Animation,0.24325539568345328,0.4948453608247423,0.2720897615708276,0.45789473684210535,0.3152302243211334,0.2829090909090909
The Rescuers Down Under,Disney,1990,1990,Animation,0.1908723021582734,0.2989690721649487,0.23001402524544184,0.6684210526315792,0.2845336481700118,0.24654545454545454
Toy Story 2,Disney,1990,1999,Animation,0.37185251798561153,0.23711340206185572,0.1851332398316971,0.631578947368421,0.45454545454545453,0.36218181818181816
Toy Story,Disney,1990,1995,Animation,0.3534172661870504,0.2783505154639174,0.16830294530154283,0.6684210526315792,0.3919716646989374,0.3556363636363636
A Christmas Carol,Disney,2000,2009,Animation,0.1704136690647482,0.3814432989690726,0.3043478260869565,0.6263157894736844,0.2632821723730815,0.21454545454545454
Atlantis-The Lost Empire,Disney,2000,2001,Animation,0.37185251798561153,0.40206185567010344,0.21458625525946712,0.8315789473684208,0.42857142857142855,0.40218181818181814
Bolt,Disney,2000,2008,Animation,0.32553956834532377,0.25773195876288657,0.2286115007012623,0.605263157894737,0.4380165289256198,0.3701818181818181
Brother Bear,Disney,2000,2003,Animation,0.2580935251798561,0.195876288659794,0.23562412342215994,0.5526315789473684,0.2762691853600944,0.30690909090909085
Cars,Disney,2000,2006,Animation,0.45998201438848924,0.268041237113402,0.25105189340813466,0.6000000000000003,0.6257378984651711,0.5018181818181817
Chicken Little,Disney,2000,2005,Animation,0.2965377697841727,0.28865979381443285,0.17531556802244036,0.6421052631578952,0.3919716646989374,0.3389090909090909
Dinosaur,Disney,2000,2000,Animation,0.1342176258992806,0.16494845360824772,0.19495091164095374,0.5473684210526317,0.153482880755608,0.17527272727272727
Finding Nemo,Disney,2000,2003,Animation,0.4844874100719425,0.18556701030927858,0.12482468443197753,0.6684210526315792,0.4805194805194805,0.45818181818181813
Home on the Range,Disney,2000,2004,Animation,0.34644784172661874,0.5463917525773203,0.20897615708274891,0.6000000000000003,0.5064935064935064,0.3614545454545454
Lilo And Stitch,Disney,2000,2002,Animation,0.22099820143884896,0.3814432989690726,0.1935483870967742,0.7578947368421052,0.2857142857142857,0.2749090909090909
Meet the Robinsons,Disney,2000,2007,Animation,0.3511690647482015,0.3195876288659796,0.29172510518934086,0.631578947368421,0.47461629279811096,0.496
Monsters Inc,Disney,2000,2001,Animation,0.41524280575539574,0.28865979381443285,0.14586255259467046,0.8999999999999997,0.45336481700118064,0.42327272727272724
Piglets Big Movie,Disney,2000,2003,Animation,0.22482014388489213,0.3505154639175254,0.31416549789621323,0.5526315789473684,0.3530106257378985,0.26109090909090904
Ratatouille,Disney,2000,2007,Animation,0.37544964028776984,0.3814432989690726,0.2805049088359047,0.605263157894737,0.5726092089728453,0.4472727272727272
Recess Schools Out,Disney,2000,2001,Animation,0.35386690647482016,0.4948453608247423,0.3099579242636746,0.794736842105263,0.5608028335301062,0.41309090909090906
Return to Never Land,Disney,2000,2002,Animation,0.24055755395683454,0.134020618556701,0.14586255259467046,0.631578947368421,0.24085005903187723,0.22327272727272726
The Emperors New Groove,Disney,2000,2000,Animation,0.3648830935251799,0.195876288659794,0.19495091164095374,0.6210526315789477,0.44510035419126326,0.4174545454545454
The Incredibles,Disney,2000,2004,Animation,0.38107014388489213,0.4329896907216497,0.21879382889200566,0.7526315789473685,0.5194805194805194,0.4705454545454545
The Jungle Book 2,Disney,2000,2003,Animation,0.247976618705036,0.24742268041237114,0.18232819074333811,0.7368421052631582,0.2502951593860685,0.2865454545454545
The Princess And The Frog,Disney,2000,2009,Animation,0.33430755395683454,0.32989690721649456,0.35624123422159887,0.4526315789473687,0.600944510035419,0.48363636363636353
The Tigger Movie,Disney,2000,2000,Animation,0.3107014388489209,0.5051546391752577,0.1963534361851333,0.7105263157894737,0.45454545454545453,0.37890909090909086
The Wild,Disney,2000,2006,Animation,0.3484712230215828,0.23711340206185572,0.179523141654979,0.6789473684210525,0.43211334120425027,0.41309090909090906
Treasure Planet,Disney,2000,2002,Animation,0.3363309352517986,0.41237113402061887,0.179523141654979,0.726315789473684,0.4805194805194805,0.38109090909090904
Up,Disney,2000,2009,Animation,0.256294964028777,0.3092783505154637,0.20056100981767183,0.6894736842105267,0.2538370720188902,0.28509090909090906
Valiant,Disney,2000,2005,Animation,0.22189748201438853,0.40206185567010344,0.25666199158485276,0.6578947368421051,0.34710743801652894,0.2596363636363636
WALL-E,Disney,2000,2008,Animation,0.1535521582733813,0.536082474226804,0.14866760168302945,0.9684210526315786,0.13105076741440375,0.08654545454545455
Arjun The Warrior Prince,Disney,2010,2012,Animation,0.1620953237410072,0.48453608247422686,0.2580645161290323,0.8842105263157898,0.13931523022432113,0.1709090909090909
Big Hero 6,Disney,2010,2014,Animation,0.2882194244604317,0.48453608247422686,0.19775596072931273,0.7578947368421052,0.39787485242030696,0.2807272727272727
Brave,Disney,2010,2012,Animation,0.24055755395683454,0.24742268041237114,0.2201963534361852,0.726315789473684,0.24321133412042506,0.2290909090909091
Cars 2,Disney,2010,2011,Animation,0.4377248201438849,0.5257731958762886,0.29733520336605895,0.6947368421052633,0.6812278630460448,0.5738181818181818
Cars 3,Disney,2010,2017,Animation,0.5,0.34020618556701043,0.25105189340813466,0.5631578947368421,0.6021251475796929,0.5345454545454544
Coco,Disney,2010,2017,Animation,0.39141187050359716,0.3195876288659796,0.24684431977559612,0.5684210526315787,0.3577331759149941,0.3701818181818181
Finding Dory,Disney,2010,2016,Animation,0.6423111510791367,0.23711340206185572,0.09396914446002808,0.5789473684210529,0.5832349468713104,0.5992727272727272
Frankenweenie,Disney,2010,2012,Animation,0.15310251798561153,0.41237113402061887,0.1851332398316971,0.8052631578947367,0.15702479338842973,0.17018181818181818
Frozen 2,Disney,2010,2019,Animation,0.2614658273381295,0.32989690721649456,0.3604488078541375,0.4789473684210528,0.3872491145218418,0.35490909090909084
Frozen,Disney,2010,2013,Animation,0.4006294964028777,0.20618556701030943,0.14866760168302945,0.6368421052631577,0.45100354191263287,0.43490909090909086
Incredibles 2,Disney,2010,2018,Animation,0.4786420863309353,0.4948453608247423,0.20196353436185138,0.8368421052631578,0.6859504132231404,0.5338181818181817
Inside Out,Disney,2010,2015,Animation,0.435476618705036,0.2783505154639174,0.1907433380084152,0.605263157894737,0.5336481700118063,0.47490909090909084
Mars Needs Moms,Disney,2010,2011,Animation,0.2900179856115108,0.16494845360824772,0.17110799438990193,0.5789473684210529,0.3022432113341204,0.2858181818181818
Moana,Disney,2010,2016,Animation,0.2929406474820144,0.23711340206185572,0.24824684431977567,0.5631578947368421,0.3140495867768595,0.3047272727272727
Monsters University,Disney,2010,2013,Animation,0.34037769784172667,0.4226804123711343,0.24123422159887803,0.7052631578947366,0.5100354191263281,0.3847272727272727
Planes Fire and Rescue,Disney,2010,2014,Animation,0.32891187050359716,0.4226804123711343,0.22159887798036465,0.794736842105263,0.448642266824085,0.3192727272727272
Planes,Disney,2010,2013,Animation,0.23516187050359716,0.32989690721649456,0.2903225806451613,0.6105263157894736,0.345926800472255,0.2632727272727272
Ralph Breaks The Internet,Disney,2010,2018,Animation,0.5395683453237411,0.34020618556701043,0.21739130434782622,0.7368421052631582,0.7331759149940967,0.6312727272727272
Tangled,Disney,2010,2010,Animation,0.24707733812949645,0.37113402061855627,0.2903225806451613,0.5789473684210529,0.3482880755608028,0.3563636363636363
The Good Dinosaur,Disney,2010,2015,Animation,0.12027877697841728,0.14432989690721643,0.16830294530154283,0.6368421052631577,0.07201889020070838,0.12509090909090909
Toy Story 3,Disney,2010,2010,Animation,0.3902877697841727,0.25773195876288657,0.16970546984572227,0.6842105263157892,0.42502951593860683,0.43490909090909086
Toy Story 4,Disney,2010,2019,Animation,0.4869604316546763,0.14432989690721643,0.11079943899018235,0.6947368421052633,0.4805194805194805,0.48145454545454536
Winnie the Pooh,Disney,2010,2011,Animation,0.2421312949640288,0.4226804123711343,0.27629733520336613,0.5473684210526317,0.39315230224321135,0.3258181818181818
Wreck it Ralph,Disney,2010,2012,Animation,0.42940647482014394,0.25773195876288657,0.23281907433380084,0.6000000000000003,0.4935064935064935,0.48218181818181816
Zootopia,Disney,2010,2016,Animation,0.4336780575539569,0.44329896907216515,0.24824684431977567,0.6789473684210525,0.6646989374262101,0.48290909090909084
Fantasia,Disney,1940,1940,Animation + Live Action,0.0024730215827338115,1.0,1.0000000000000002,0.8789473684210523,0.09681227863046045,0.06472727272727273
Melody Time,Disney,1940,1948,Animation + Live Action,0.11555755395683455,0.5670103092783503,0.48106591865357656,0.605263157894737,0.25737898465171194,0.18036363636363636
Saludos Amigos,Disney,1940,1943,Animation + Live Action,0.06317446043165467,0.9896907216494846,0.4684431977559608,0.894736842105263,0.21369539551357736,0.07563636363636364
So Dear To My Heart,Disney,1940,1948,Animation + Live Action,0.26348920863309355,0.3092783505154637,0.34922861150070134,0.536842105263158,0.4592680047225502,0.3818181818181818
Song of the South,Disney,1940,1946,Animation + Live Action,0.41973920863309355,0.11340206185567014,0.24123422159887803,0.5210526315789472,0.6458087367178276,0.5236363636363636
The Reluctant Dragon,Disney,1940,1941,Animation + Live Action,0.059127697841726626,0.40206185567010344,0.20056100981767183,0.631578947368421,0.10389610389610389,0.09818181818181818
The Three Caballeros,Disney,1940,1944,Animation + Live Action,0.21110611510791366,0.5154639175257731,0.2720897615708276,0.3421052631578949,0.2680047225501771,0.19127272727272726
Mary Poppins,Disney,1960,1964,Animation + Live Action,0.4392985611510792,0.6288659793814437,0.23842917251051893,0.8578947368421053,0.6564344746162927,0.48436363636363633
Bedknobs and Broomsticks,Disney,1970,1971,Animation + Live Action,0.32036870503597126,0.4948453608247423,0.3632538569424966,0.6789473684210525,0.5525383707201889,0.4683636363636363
Pete's Dragon,Disney,1970,1977,Animation + Live Action,0.3983812949640288,0.2989690721649487,0.3043478260869565,0.5105263157894739,0.550177095631641,0.4618181818181818
Tron,Disney,1980,1982,Animation + Live Action,0.22324640287769787,0.463917525773196,0.2664796633941094,0.7421052631578948,0.3364817001180638,0.29018181818181815
Fantasia 2000,Disney,1990,1999,Animation + Live Action,0.0,0.876288659793814,0.5974754558204771,1.0000000000000002,0.028335301062573787,0.024727272727272726
James and the Giant Peach,Disney,1990,1996,Animation + Live Action,0.2531474820143885,0.2989690721649487,0.33800841514726515,0.34736842105263155,0.371900826446281,0.3323636363636363
G-Force,Disney,2000,2009,Animation + Live Action,0.34577338129496404,0.40206185567010344,0.2692847124824684,0.6473684210526318,0.4687131050767414,0.3934545454545454
Mary Poppins Returns,Disney,2010,2018,Animation + Live Action,0.47774280575539574,0.37113402061855627,0.4586255259467042,0.4368421052631579,0.7992916174734356,0.7832727272727272
Davy Crockett and the River Pirates,Disney,1950,1956,Live Action,0.22706834532374104,0.36082474226804173,0.3800841514726508,0.631578947368421,0.40731995277449823,0.36581818181818176
Johnny Tremain,Disney,1950,1957,Live Action,0.2992356115107914,0.4536082474226806,0.3941093969144461,0.536842105263158,0.48760330578512395,0.3636363636363636
Old Yeller,Disney,1950,1957,Live Action,0.22751798561151082,0.14432989690721643,0.38148667601683045,0.5105263157894739,0.4167650531286895,0.37309090909090903
The Shaggy Dog,Disney,1950,1959,Live Action,0.38219424460431656,0.32989690721649456,0.2370266479663395,0.7368421052631582,0.5714285714285714,0.5192727272727272
The Sword and the Rose,Disney,1950,1953,Live Action,0.21110611510791366,0.5670103092783503,0.40532959326788226,0.7210526315789474,0.37662337662337664,0.2727272727272727
Third Man On the Mountain,Disney,1950,1959,Live Action,0.30328237410071945,0.23711340206185572,0.34361851332398324,0.5947368421052632,0.39905548996458085,0.4676363636363636
Treasure Island,Disney,1950,1950,Live Action,0.2450539568345324,0.3092783505154637,0.4151472650771389,0.5947368421052632,0.3246753246753247,0.3585454545454545
Westward Ho the Wagons,Disney,1950,1956,Live Action,0.11106115107913671,0.41237113402061887,0.5469845722300142,0.5157894736842106,0.27508854781582054,0.216
Almost Angels,Disney,1960,1960,Live Action,0.16344424460431656,0.15463917525773185,0.2833099579242638,0.5263157894736843,0.17709563164108616,0.2916363636363636
Babes In Toyland,Disney,1960,1961,Live Action,0.2589928057553957,0.3814432989690726,0.4698457223001404,0.4157894736842105,0.47461629279811096,0.38690909090909087
Big Red,Disney,1960,1962,Live Action,0.20503597122302158,0.37113402061855627,0.23562412342215994,0.726315789473684,0.3022432113341204,0.2421818181818182
Blackbeards Ghost,Disney,1960,1968,Live Action,0.3552158273381295,0.4329896907216497,0.38148667601683045,0.6526315789473685,0.5950413223140495,0.49818181818181817
Bon Voyage,Disney,1960,1962,Live Action,1.0,0.3814432989690726,0.05049088359046283,0.5736842105263158,0.07319952774498228,0.07345454545454545
Emil and the Detectives,Disney,1960,1964,Live Action,0.26326438848920863,0.3505154639175254,0.32398316970547,0.6789473684210525,0.38016528925619836,0.40509090909090906
Follow Me Boys,Disney,1960,1966,Live Action,0.5642985611510791,0.34020618556701043,0.2664796633941094,0.7526315789473685,0.7497048406139315,0.7534545454545454
Greyfriars Bobby The True Story of a Dog,Disney,1960,1961,Live Action,0.31744604316546765,0.195876288659794,0.388499298737728,0.4526315789473687,0.49114521841794573,0.485090909090909
In Search of the Castaways,Disney,1960,1962,Live Action,0.3136241007194245,0.36082474226804173,0.34642356241234235,0.6105263157894736,0.5419126328217236,0.4763636363636363
Kidnapped,Disney,1960,1960,Live Action,0.31857014388489213,0.23711340206185572,0.44039270687237037,0.5263157894736843,0.6092089728453364,0.4487272727272727
Monkeys Go Home,Disney,1960,1967,Live Action,0.33453237410071945,0.5051546391752577,0.29733520336605895,0.6421052631578952,0.43919716646989376,0.4305454545454545
Moon Pilot,Disney,1960,1962,Live Action,0.3830935251798561,0.3092783505154637,0.21037868162692847,0.7789473684210526,0.5135773317591499,0.4778181818181818
Multiply That Darn Cat,Disney,1960,1965,Live Action,0.22661870503597126,0.36082474226804173,0.33239831697054706,0.6368421052631577,0.32585596221959856,0.30181818181818176
Pollyanna,Disney,1960,1960,Live Action,0.5069694244604317,0.587628865979382,0.3281907433380085,0.5684210526315787,0.8051948051948051,0.7403636363636363
Rascal,Disney,1960,1969,Live Action,0.3046312949640288,0.4226804123711343,0.31556802244039267,0.6210526315789477,0.44510035419126326,0.40218181818181814
Robin Crusoe,Disney,1960,1966,Live Action,0.4743705035971223,0.463917525773196,0.0,0.8578947368421053,0.028335301062573787,0.008727272727272726
Savage Sam,Disney,1960,1963,Live Action,0.2677607913669065,0.15463917525773185,0.30575035063113615,0.6000000000000003,0.4002361275088548,0.3985454545454545
Smith,Disney,1960,1969,Live Action,0.29496402877697847,0.28865979381443285,0.30575035063113615,0.6368421052631577,0.3872491145218418,0.36727272727272725
Son of Flubber,Disney,1960,1963,Live Action,0.4213129496402878,0.5463917525773203,0.4291725105189342,0.7210526315789474,0.7449822904368358,0.7025454545454545
Summer Magic,Disney,1960,1963,Live Action,0.3727517985611511,0.3814432989690726,0.3660589060308556,0.5684210526315787,0.6410861865407319,0.4952727272727272
Swiss Family Robinson,Disney,1960,1960,Live Action,0.3671312949640288,0.22680412371133984,0.30014025245441806,0.6105263157894736,0.3837072018890201,0.6247272727272727
The Absent Minded Professor,Disney,1960,1961,Live Action,0.350044964028777,0.4536082474226806,0.3478260869565218,0.6789473684210525,0.5749704840613931,0.5199999999999999
The Adventures of Bullwhip Griffin,Disney,1960,1967,Live Action,0.39995503597122306,0.36082474226804173,0.33239831697054706,0.5894736842105261,0.5430932703659975,0.5672727272727273
The Computer Wore Tennis Shoes,Disney,1960,1969,Live Action,0.3693794964028777,0.536082474226804,0.3506311360448808,0.8526315789473682,0.5702479338842974,0.496
The Gnome-Mobile,Disney,1960,1967,Live Action,0.49775179856115115,0.34020618556701043,0.043478260869565244,0.5894736842105261,0.03778040141676506,0.029818181818181817
The Happiest Millonaire,Disney,1960,1967,Live Action,0.6364658273381295,0.4226804123711343,0.2748948106591866,0.7789473684210526,0.9433293978748524,0.7999999999999999
The Horse In Grey Flannel Suit,Disney,1960,1968,Live Action,0.46290467625899284,0.4329896907216497,0.25946704067321186,0.7473684210526315,0.704840613931523,0.5359999999999999
The Incredible Journey,Disney,1960,1963,Live Action,0.1540017985611511,0.536082474226804,0.5638148667601683,0.45789473684210535,0.36717827626918537,0.2974545454545454
The Legend of Lobo,Disney,1960,1962,Live Action,0.0795863309352518,0.5154639175257731,0.892005610098177,0.5315789473684209,0.39787485242030696,0.24363636363636362
The Love Bug,Disney,1960,1968,Live Action,0.31474820143884896,0.3814432989690726,0.4039270687237027,0.631578947368421,0.5454545454545454,0.5432727272727272
The Monkeys Uncle,Disney,1960,1965,Live Action,0.6733363309352518,0.587628865979382,0.05469845722300137,0.7210526315789474,0.05430932703659977,0.04000000000000001
The Moon-Spinners,Disney,1960,1964,Live Action,0.41996402877697847,0.3195876288659796,0.20476858345021037,0.8052631578947367,0.5242030696576151,0.5614545454545454
The Parent Trap,Disney,1960,1961,Live Action,0.5694694244604317,0.2989690721649487,0.30014025245441806,0.6157894736842102,0.8122786304604486,0.8959999999999999
The Sign of Zorro,Disney,1960,1960,Live Action,0.27832733812949645,0.6804123711340209,0.4796633941093969,0.7578947368421052,0.46635182998819363,0.42836363636363634
Thomasina,Disney,1960,1963,Live Action,0.3817446043165468,0.21649484536082486,0.32959326788218807,0.5684210526315787,0.5135773317591499,0.5723636363636363
"Toby Tyler, or Ten Weeks with a Circus",Disney,1960,1960,Live Action,0.2830485611510792,0.3092783505154637,0.2524544179523142,0.7473684210526315,0.38961038961038963,0.3825454545454545
Apple Dumpling Gang,Disney,1970,1975,Live Action,0.3671312949640288,0.28865979381443285,0.2286115007012623,0.7473684210526315,0.6623376623376622,0.525090909090909
Charley and the Angel,Disney,1970,1973,Live Action,0.46223021582733814,0.21649484536082486,0.2258064516129033,0.6368421052631577,0.4817001180637544,0.613090909090909
Escape to Witch Mountain,Disney,1970,1975,Live Action,0.1967176258992806,0.36082474226804173,0.3478260869565218,0.6000000000000003,0.2644628099173554,0.3127272727272727
Freaky Friday,Disney,1970,1976,Live Action,0.4404226618705036,0.3092783505154637,0.21318373071528757,0.7105263157894737,0.5560802833530105,0.5178181818181817
Gus,Disney,1970,1976,Live Action,0.329136690647482,0.391752577319588,0.27068723702664804,0.7315789473684211,0.47815820543093274,0.40872727272727266
Herbie Rides Again,Disney,1970,1974,Live Action,0.28956834532374104,0.5051546391752577,0.30575035063113615,0.7789473684210526,0.4852420306965762,0.39709090909090905
Hot Lead And Cold Feet,Disney,1970,1978,Live Action,0.3394784172661871,0.28865979381443285,0.23983169705469848,0.6789473684210525,0.46635182998819363,0.4065454545454545
Napoleon and Samantha,Disney,1970,1972,Live Action,0.3235161870503597,0.15463917525773185,0.21879382889200566,0.5578947368421054,0.4049586776859504,0.48290909090909084
No Deposit No Return,Disney,1970,1976,Live Action,0.43794964028776984,0.391752577319588,0.2314165497896214,0.7789473684210526,0.6245572609208973,0.5825454545454545
One Little Indian,Disney,1970,1973,Live Action,0.23696043165467628,0.23711340206185572,0.2580645161290323,0.5315789473684209,0.29279811097992914,0.3352727272727272
Return from Witch Mountain,Disney,1970,1978,Live Action,0.21223021582733814,0.3505154639175254,0.35764375876577853,0.13684210526315765,0.22432113341204252,0.2109090909090909
Shaggy DA,Disney,1970,1976,Live Action,0.32666366906474825,0.3505154639175254,0.28611500701262277,0.6473684210526318,0.4167650531286895,0.4014545454545454
The Barefoot Executive,Disney,1970,1971,Live Action,0.3790467625899281,0.3505154639175254,0.30855539971949514,0.631578947368421,0.563164108618654,0.5483636363636363
The Black Hole,Disney,1970,1979,Live Action,0.1904226618705036,0.6391752577319592,0.3744740532959327,0.7368421052631582,0.33766233766233766,0.24290909090909088
The Cat From Outer Space,Disney,1970,1978,Live Action,0.4102967625899281,0.4948453608247423,0.18373071528751755,0.7473684210526315,0.42502951593860683,0.36799999999999994
The Island At The Top Of The World,Disney,1970,1974,Live Action,0.38736510791366907,0.44329896907216515,0.049088359046283336,0.7,0.009445100354191265,0.008000000000000004
The Littlest Horse Thieves,Disney,1970,1976,Live Action,0.4327787769784173,0.20618556701030943,0.10098176718092561,0.5578947368421054,0.08618654073199526,0.2974545454545454
The Million Dollar Duck,Disney,1970,1971,Live Action,0.3257643884892087,0.3195876288659796,0.24824684431977567,0.7157894736842108,0.4380165289256198,0.38690909090909087
The North Avenue Irregulars,Disney,1970,1979,Live Action,0.5528327338129497,0.34020618556701043,0.11360448807854145,0.5473684210526317,0.1369539551357733,0.2865454545454545
The Strongest Man in the World,Disney,1970,1975,Live Action,0.35431654676258995,0.3814432989690726,0.30014025245441806,0.6736842105263159,0.5017709563164108,0.517090909090909
Treasure Of Matecumbe,Disney,1970,1976,Live Action,0.304181654676259,0.32989690721649456,0.3366058906030856,0.6105263157894736,0.4309327036599764,0.4669090909090909
Cheetah,Disney,1980,1989,Live Action,0.2704586330935252,0.32989690721649456,0.24544179523141657,0.7526315789473685,0.38252656434474613,0.3818181818181818
Condorman,Disney,1980,1981,Live Action,0.18952338129496404,0.41237113402061887,0.3015427769985975,0.6631578947368417,0.26564344746162927,0.22036363636363634
Flight of the Navigator,Disney,1980,1986,Live Action,0.20773381294964027,0.3195876288659796,0.420757363253857,0.6684210526315792,0.30932703659976385,0.3585454545454545
Herbie Goes Bananas,Disney,1980,1980,Live Action,0.2684352517985612,0.34020618556701043,0.2201963534361852,0.7473684210526315,0.32231404958677684,0.30036363636363633
Honey I Shrunk the Kids,Disney,1980,1989,Live Action,0.27810251798561153,0.20618556701030943,0.2230014025245443,0.7105263157894737,0.2798110979929162,0.36290909090909085
Midnight Madness,Disney,1980,1980,Live Action,0.37994604316546765,0.25773195876288657,0.1851332398316971,0.7,0.4167650531286895,0.3614545454545454
Never Cry Wolf,Disney,1980,1983,Live Action,0.023606115107913668,0.8041237113402069,0.7713884992987381,0.4789473684210528,0.11924439197166468,0.07490909090909091
Night Crossing,Disney,1980,1982,Live Action,0.2610161870503597,0.34020618556701043,0.21037868162692847,0.7421052631578948,0.37662337662337664,0.3338181818181818
One Magic Christmas,Disney,1980,1985,Live Action,0.21290467625899284,0.21649484536082486,0.3071528751753156,0.5684210526315787,0.24085005903187723,0.3265454545454545
Popeye,Disney,1980,1980,Live Action,0.25224820143884896,0.21649484536082486,0.16409537166900418,0.7473684210526315,0.30342384887839435,0.26109090909090904
Return to Oz,Disney,1980,1985,Live Action,0.2194244604316547,0.34020618556701043,0.27629733520336613,0.7105263157894737,0.24675324675324678,0.3047272727272727
Return to Snowy River,Disney,1980,1988,Live Action,0.15197841726618705,0.36082474226804173,0.31697054698457233,0.5789473684210529,0.2089728453364817,0.2421818181818182
Something Wicked This Way Comes,Disney,1980,1983,Live Action,0.11870503597122302,0.268041237113402,0.5596072931276299,0.6789473684210525,0.2680047225501771,0.23054545454545453
Tex,Disney,1980,1982,Live Action,0.31160071942446044,0.15463917525773185,0.3856942496493689,0.463157894736842,0.4014167650531287,0.5454545454545454
The Devil and Max Devlin,Disney,1980,1981,Live Action,0.35948741007194246,0.25773195876288657,0.3071528751753156,0.5526315789473684,0.576151121605667,0.5883636363636363
The Journey of Natty Gann,Disney,1980,1985,Live Action,0.23246402877697842,0.0,0.12201963534361854,0.5631578947368421,0.21251475796930341,0.2487272727272727
The Last Flight of Noahs Ark,Disney,1980,1980,Live Action,0.2859712230215828,0.22680412371133984,0.26507713884992995,0.605263157894737,0.39433293978748524,0.3825454545454545
The Watcher In The Woods,Disney,1980,1980,Live Action,0.17940647482014388,0.3195876288659796,0.2580645161290323,0.6421052631578952,0.16056670602125145,0.2683636363636363
101 Dalmatians,Disney,1990,1996,Live Action,0.21852517985611514,0.41237113402061887,0.24824684431977567,0.7315789473684211,0.358913813459268,0.25745454545454544
A Far Off Place,Disney,1990,1993,Live Action,0.14455935251798563,0.25773195876288657,0.24824684431977567,0.5947368421052632,0.1180637544273908,0.17454545454545453
A Kid In King Arthurs Court,Disney,1990,1995,Live Action,0.3068794964028777,0.36082474226804173,0.12482468443197753,0.5842105263157895,0.06847697756788666,0.18327272727272725
Air Bud 2 Golden Receiver,Disney,1990,1998,Live Action,0.2794514388489209,0.5257731958762886,0.1360448807854137,0.5578947368421054,0.3069657615112161,0.23636363636363636
Air Bud,Disney,1990,1997,Live Action,0.3361061151079137,0.195876288659794,0.029453015427770013,0.5263157894736843,0.009445100354191265,0.0
Angels In The Outfield,Disney,1990,1994,Live Action,0.4392985611510792,0.28865979381443285,0.3716690042075737,0.0,0.5560802833530105,0.47127272727272723
Blank Check,Disney,1990,1994,Live Action,0.4336780575539569,0.18556701030927858,0.1907433380084152,0.6947368421052633,0.45336481700118064,0.47127272727272723
Cool Runnings,Disney,1990,1993,Live Action,0.3590377697841727,0.28865979381443285,0.27629733520336613,0.6157894736842102,0.5064935064935064,0.429090909090909
D2 The Mighty Ducks,Disney,1990,1994,Live Action,0.4874100719424461,0.391752577319588,0.1851332398316971,0.7157894736842108,0.6812278630460448,0.42181818181818176
D3 The Mighty Ducks,Disney,1990,1996,Live Action,0.4671762589928058,0.3092783505154637,0.22720897615708274,0.3421052631578949,0.6210153482880755,0.4734545454545454
First Kid,Disney,1990,1996,Live Action,0.5523830935251799,0.15463917525773185,0.20476858345021037,0.5000000000000002,0.5844155844155844,0.5934545454545453
Flubber,Disney,1990,1997,Live Action,0.3700539568345324,0.463917525773196,0.10238429172510527,0.31052631578947376,0.029515938606847703,0.018181818181818184
George of the Jungle,Disney,1990,1997,Live Action,0.1513039568345324,0.8041237113402069,0.28611500701262277,0.631578947368421,0.2833530106257379,0.19272727272727272
Heavyweights,Disney,1990,1995,Live Action,0.42311151079136694,0.28865979381443285,0.20476858345021037,0.5631578947368421,0.5265643447461629,0.37599999999999995
Hocus Pocus,Disney,1990,1993,Live Action,0.43098021582733814,0.2989690721649487,0.0757363253856943,0.7578947368421052,0.4474616292798111,0.36290909090909085
Home For Christmas,Disney,1990,1998,Live Action,0.3592625899280576,0.41237113402061887,0.3043478260869565,0.5684210526315787,0.5159386068476977,0.40727272727272723
Homeward Bound 2 Lost In San Francisco,Disney,1990,1996,Live Action,0.5737410071942447,0.1752577319587627,0.12903225806451618,0.5421052631578946,0.5950413223140495,0.5519999999999999
Homeward Bound The Incredible Journey,Disney,1990,1993,Live Action,0.4006294964028777,0.195876288659794,0.14025245441795237,0.7315789473684211,0.49940968122786306,0.4872727272727272
Honey I Blew Up the Kids,Disney,1990,1992,Live Action,0.32036870503597126,0.3814432989690726,0.2664796633941094,0.7,0.4014167650531287,0.3767272727272727
I'll be Home for Christmas,Disney,1990,1998,Live Action,0.24258093525179858,0.21649484536082486,0.31136044880785424,0.631578947368421,0.41204250295159384,0.288
Inspector Gadget,Disney,1990,1999,Live Action,0.29428956834532377,0.391752577319588,0.1879382889200562,0.7526315789473685,0.36717827626918537,0.3105454545454545
Iron Will,Disney,1990,1994,Live Action,0.2790017985611511,0.20618556701030943,0.21178120617110813,0.6789473684210525,0.30460448642266824,0.32509090909090904
Jungle 2 Jungle,Disney,1990,1997,Live Action,0.4210881294964029,0.2783505154639174,0.2720897615708276,0.5578947368421054,0.42384887839433294,0.5192727272727272
Man of the House,Disney,1990,1995,Live Action,0.39523381294964033,0.28865979381443285,0.36465638148667606,0.5052631578947369,0.6635182998819362,0.6152727272727272
Mighty Joe Young,Disney,1990,1998,Live Action,0.3028327338129497,0.21649484536082486,0.22440392706872375,0.605263157894737,0.36835891381345925,0.3505454545454545
Mr Magoo,Disney,1990,1997,Live Action,0.2484262589928058,0.3195876288659796,0.24263674614305758,0.6105263157894736,0.30814639905548996,0.2785454545454545
Muppet Treasure Island,Disney,1990,1996,Live Action,0.44357014388489213,0.4536082474226806,0.20196353436185138,0.6473684210526318,0.5442739079102715,0.3992727272727272
My Favorite Martian,Disney,1990,1999,Live Action,0.46919964028776984,0.3814432989690726,0.1472650771388499,0.6736842105263159,0.5832349468713104,0.4261818181818181
Newsies,Disney,1990,1992,Live Action,0.45211330935251803,0.2783505154639174,0.2636746143057503,0.605263157894737,0.613931523022432,0.5105454545454545
Operation Dumbo Drop,Disney,1990,1995,Live Action,0.35836330935251803,0.23711340206185572,0.22720897615708274,0.5684210526315787,0.4592680047225502,0.408
RocketMan,Disney,1990,1997,Live Action,0.318794964028777,0.47422680412371143,0.23422159887798039,0.8105263157894738,0.46635182998819363,0.3425454545454545
Squanto A Warriors Tale,Disney,1990,1994,Live Action,0.19649280575539568,0.5154639175257731,0.3071528751753156,0.5947368421052632,0.21723730814639908,0.17454545454545453
Tall Tale,Disney,1990,1995,Live Action,0.18705035971223022,0.28865979381443285,0.30855539971949514,0.5526315789473684,0.21251475796930341,0.2545454545454545
That Darn Cat,Disney,1990,1997,Live Action,0.3871402877697842,0.2989690721649487,0.21318373071528757,0.5526315789473684,0.4734356552538371,0.39709090909090905
The Adventures of Huck Finn,Disney,1990,1993,Live Action,0.3707284172661871,0.18556701030927858,0.2903225806451613,0.6210526315789477,0.577331759149941,0.5316363636363636
The Big Green,Disney,1990,1995,Live Action,0.35274280575539574,0.20618556701030943,0.22720897615708274,0.5631578947368421,0.4805194805194805,0.41018181818181815
The Jungle Book,Disney,1990,1994,Live Action,0.1908723021582734,0.41237113402061887,0.20476858345021037,0.8105263157894738,0.19244391971664698,0.19345454545454543
The Mighty Ducks,Disney,1990,1992,Live Action,0.4579586330935252,0.40206185567010344,0.21739130434782622,0.5947368421052632,0.525383707201889,0.4014545454545454
The Muppet Christmas Carol,Disney,1990,1992,Live Action,0.27428057553956836,0.48453608247422686,0.420757363253857,0.49473684210526314,0.46399055489964575,0.2858181818181818
The Parent Trap,Disney,1990,1998,Live Action,0.5231564748201439,0.25773195876288657,0.2875175315568023,0.5736842105263158,0.665879574970484,0.7214545454545453
The Rocketeer,Disney,1990,1991,Live Action,0.28619604316546765,0.2989690721649487,0.22720897615708274,0.6789473684210525,0.3282172373081464,0.24945454545454546
The Santa Clause,Disney,1990,1994,Live Action,0.41704136690647486,0.3195876288659796,0.21318373071528757,0.631578947368421,0.5088547815820542,0.46472727272727266
The Straight Storys,Disney,1990,1999,Live Action,0.16164568345323743,0.1752577319587627,0.2833099579242638,0.6578947368421051,0.24203069657615112,0.19927272727272727
The Three Musketeers,Disney,1990,1993,Live Action,0.22369604316546765,0.5463917525773203,0.2931276297335204,0.8,0.29043683589138136,0.25090909090909086
Tom and Huck,Disney,1990,1995,Live Action,0.2533723021582734,0.134020618556701,0.23281907433380084,0.5000000000000002,0.3447461629279811,0.3141818181818181
White Fang 2,Disney,1990,1994,Live Action,0.1654676258992806,0.268041237113402,0.17391304347826092,0.5210526315789472,0.13459268004722552,0.17236363636363636
White Fang,Disney,1990,1991,Live Action,0.21178057553956836,0.04123711340206171,0.15848527349228608,0.5315789473684209,0.20543093270365997,0.2378181818181818
Wild Hearts Cant Be Broken,Disney,1990,1991,Live Action,0.19694244604316546,0.22680412371133984,0.2580645161290323,0.5315789473684209,0.2963400236127509,0.25090909090909086
102 Dalmatians,Disney,2000,2000,Live Action,0.33678057553956836,0.536082474226804,0.1879382889200562,0.6157894736842102,0.46635182998819363,0.2756363636363636
Around the World in 80 Days,Disney,2000,2004,Live Action,0.34577338129496404,0.5567010309278349,0.21598877980364656,0.8105263157894738,0.42502951593860683,0.3374545454545454
Confessions Of A Teenage Drama Queen,Disney,2000,2004,Live Action,0.302158273381295,0.2783505154639174,0.41093969144460035,0.4789473684210528,0.45100354191263287,0.49963636363636355
Eight Below,Disney,2000,2006,Live Action,0.2870953237410072,0.20618556701030943,0.20897615708274891,0.5684210526315787,0.3754427390791027,0.3309090909090909
Freaky Friday,Disney,2000,2018,Live Action,0.3871402877697842,0.20618556701030943,0.1963534361851333,0.6947368421052633,0.42384887839433294,0.4785454545454545
Glory Road,Disney,2000,2006,Live Action,0.46470323741007197,0.3814432989690726,0.3394109396914446,0.5947368421052632,0.6717827626918536,0.5483636363636363
Herbie Fully Loaded,Disney,2000,2005,Live Action,0.297886690647482,0.22680412371133984,0.21879382889200566,0.5789473684210529,0.3730814639905549,0.2836363636363636
Holes,Disney,2000,2003,Live Action,0.5384442446043166,0.21649484536082486,0.27629733520336613,0.5315789473684209,0.5796930342384887,0.7265454545454545
Ice Princess,Disney,2000,2005,Live Action,0.316771582733813,0.34020618556701043,0.32959326788218807,0.5052631578947369,0.435655253837072,0.40072727272727265
Max Keebles Big Move,Disney,2000,2001,Live Action,0.4280575539568346,0.36082474226804173,0.021037868162692874,0.5947368421052632,0.01652892561983471,0.0072727272727272745
Miracle,Disney,2000,2004,Live Action,0.450089928057554,0.5257731958762886,0.3450210378681627,0.6842105263157892,0.6576151121605667,0.501090909090909
National Treasure,Disney,2000,2004,Live Action,0.3556654676258993,0.47422680412371143,0.21598877980364656,0.5736842105263158,0.33766233766233766,0.2923636363636363
Pirates of the Caribbean - Dead Man's Chest,Disney,2000,2006,Live Action,0.31115107913669066,0.37113402061855627,0.31416549789621323,0.6000000000000003,0.3317591499409681,0.3563636363636363
Pirates of the Caribbean 1 Curse of the Black Pearl,Disney,2000,2003,Live Action,0.3363309352517986,0.4536082474226806,0.30014025245441806,0.8210526315789475,0.44391971664698937,0.3934545454545454
Princess Diaries,Disney,2000,2001,Live Action,0.5373201438848921,0.3814432989690726,0.2664796633941094,0.5157894736842106,0.742621015348288,0.621090909090909
Remember the Titans,Disney,2000,2000,Live Action,0.5328237410071943,0.20618556701030943,0.3828892005610099,0.17894736842105252,0.7142857142857142,0.6727272727272726
Sky High,Disney,2000,2005,Live Action,0.4053507194244605,0.40206185567010344,0.2201963534361852,0.7578947368421052,0.46635182998819363,0.45818181818181813
Snow Dogs,Disney,2000,2002,Live Action,0.2931654676258993,0.23711340206185572,0.20476858345021037,0.6578947368421051,0.39787485242030696,0.33309090909090905
The Chronicles Of Narnia-The Lion The Witch And The Wardrobe,Disney,2000,2005,Live Action,0.2371852517985612,0.268041237113402,0.2833099579242638,0.5789473684210529,0.2857142857142857,0.38909090909090904
The Country Bears,Disney,2000,2002,Live Action,0.34914568345323743,0.18556701030927858,0.24544179523141657,0.5421052631578946,0.4380165289256198,0.36581818181818176
The Greatest Game Ever Played,Disney,2000,2005,Live Action,0.20391187050359716,0.391752577319588,0.3015427769985975,0.6473684210526318,0.24321133412042506,0.2538181818181818
The Haunted Mansion,Disney,2000,2003,Live Action,0.35678956834532377,0.25773195876288657,0.22720897615708274,0.6526315789473685,0.47697756788665874,0.4501818181818181
The Kid,Disney,2000,2000,Live Action,0.4451438848920864,0.268041237113402,0.20196353436185138,0.6000000000000003,0.5064935064935064,0.5032727272727272
The Lizzie McGuire Movie,Disney,2000,2003,Live Action,0.3808453237410072,0.3195876288659796,0.23422159887798039,0.7157894736842108,0.4722550177095632,0.4669090909090909
The Pacifier,Disney,2000,2005,Live Action,0.3017086330935252,0.2783505154639174,0.2230014025245443,0.6368421052631577,0.31995277449822906,0.35781818181818176
The Princess Diaries 2 Royal Engagement,Disney,2000,2004,Live Action,0.4392985611510792,0.5257731958762886,0.32398316970547,0.6368421052631577,0.6422668240850058,0.5287272727272727
The Rookie,Disney,2000,2002,Live Action,0.46515287769784175,0.16494845360824772,0.25105189340813466,0.45789473684210535,0.6493506493506492,0.45963636363636357
The Santa Clause 2,Disney,2000,2002,Live Action,0.42086330935251803,0.2989690721649487,0.22159887798036465,0.6157894736842102,0.5737898465171192,0.45818181818181813
The Shaggy Dog,Disney,2000,2006,Live Action,0.41973920863309355,0.20618556701030943,0.20196353436185138,0.6263157894736844,0.6304604486422668,0.4545454545454545
The Young Black Stallion,Disney,2000,2003,Live Action,0.06924460431654676,0.268041237113402,0.061711079943899017,0.6421052631578952,0.05430932703659977,0.06763636363636363
Tuck Everlasting,Disney,2000,2002,Live Action,0.20908273381294967,0.2783505154639174,0.26227208976157085,0.7315789473684211,0.2845336481700118,0.309090909090909
A Wrinkle in Time,Disney,2010,2018,Live Action,0.32329136690647486,0.3092783505154637,0.15427769985974765,0.7789473684210526,0.358913813459268,0.4029090909090909
Aladdin,Disney,2010,2019,Live Action,0.5179856115107914,0.3195876288659796,0.20476858345021037,0.5789473684210529,0.6812278630460448,0.5483636363636363
Alexander And The Terrible Horrible No Good Very Bad Day,Disney,2010,2014,Live Action,0.40782374100719426,0.25773195876288657,0.21037868162692847,0.6157894736842102,0.6033057851239668,0.45090909090909087
Alice in Wonderland,Disney,2010,2010,Live Action,0.22594424460431656,0.41237113402061887,0.2524544179523142,0.7842105263157897,0.2809917355371901,0.30981818181818177
Alice Through the Looking Glass,Disney,2010,2016,Live Action,0.2852967625899281,0.40206185567010344,0.19915848527349228,0.9105263157894739,0.3305785123966942,0.3854545454545454
Bad Boys for Life,Disney,2010,2020,Live Action,0.4817895683453238,0.24742268041237114,0.150070126227209,0.6526315789473685,0.48642266824085006,0.3752727272727272
Beauty And The Beast,Disney,2010,2017,Live Action,0.3788219424460432,0.36082474226804173,0.33520336605890616,0.5000000000000002,0.551357733175915,0.4952727272727272
Christopher Robin,Disney,2010,2018,Live Action,0.4449190647482015,0.3505154639175254,0.24403927068723702,0.6368421052631577,0.5312868949232585,0.6123636363636363
Cinderella,Disney,2010,2015,Live Action,0.29136690647482016,0.41237113402061887,0.2720897615708276,0.7842105263157897,0.40731995277449823,0.3992727272727272
Dangal,Disney,2010,2016,Live Action,0.404226618705036,0.536082474226804,0.4305750350631136,0.5421052631578946,0.600944510035419,0.5236363636363636
Do Dooni Chaar,Disney,2010,2010,Live Action,0.49887589928057563,0.3195876288659796,0.2959326788218794,0.7105263157894737,0.7485242030696575,0.6029090909090908
Into the Woods,Disney,2010,2014,Live Action,0.47796762589928066,0.268041237113402,0.34642356241234235,0.3210526315789475,0.6340023612750885,0.629090909090909
Jagga Jasoos,Disney,2010,2017,Live Action,0.36353417266187055,0.48453608247422686,0.2552594670406732,0.7473684210526315,0.5407319952774498,0.35709090909090907
Khoobsurat,Disney,2010,2014,Live Action,0.4156924460431655,0.47422680412371143,0.21598877980364656,0.7894736842105263,0.5017709563164108,0.5687272727272726
Lady and the Tramp,Disney,2010,2019,Live Action,0.46470323741007197,0.10309278350515472,0.15988779803646574,0.536842105263158,0.5371900826446281,0.5599999999999999
Maleficent Mistress of Evil,Disney,2010,2019,Live Action,0.2165017985611511,0.391752577319588,0.17391304347826092,0.8473684210526315,0.21723730814639908,0.2290909090909091
Maleficent,Disney,2010,2014,Live Action,0.13669064748201437,0.3092783505154637,0.29453015427769996,0.6684210526315792,0.166469893742621,0.20727272727272728
"McFarland, USA",Disney,2010,2015,Live Action,0.36061151079136694,0.25773195876288657,0.23001402524544184,0.6789473684210525,0.4037780401416765,0.4356363636363636
Million Dollar Arm,Disney,2010,2014,Live Action,0.5056205035971223,0.23711340206185572,0.25385694249649376,0.5684210526315787,0.6776859504132231,0.6654545454545454
Muppets Most Wanted,Disney,2010,2014,Live Action,0.38848920863309355,0.44329896907216515,0.2580645161290323,0.6842105263157892,0.5041322314049587,0.4654545454545454
Noelle,Disney,2010,2019,Live Action,0.3934352517985612,0.3814432989690726,0.2931276297335204,0.631578947368421,0.5560802833530105,0.49090909090909085
Oz the Great and Powerful,Disney,2010,2013,Live Action,0.38286870503597126,0.268041237113402,0.21318373071528757,0.6631578947368417,0.44982290436835887,0.4785454545454545
Pete's Dragon,Disney,2010,2016,Live Action,0.17086330935251798,0.16494845360824772,0.2636746143057503,0.605263157894737,0.11452184179456908,0.27054545454545453
Pirates of the Caribbean 5 Salazar's Revenge,Disney,2010,2017,Live Action,0.28889388489208634,0.36082474226804173,0.2664796633941094,0.6684210526315792,0.2987012987012987,0.30399999999999994
Pirates of the Caribbean On Stranger Tides,Disney,2010,2011,Live Action,0.3547661870503597,0.48453608247422686,0.23983169705469848,0.6578947368421051,0.41086186540731995,0.37745454545454543
"Prince of Persia, The Sands of Time",Disney,2010,2010,Live Action,0.20188848920863312,0.5463917525773203,0.4992987377279104,0.7105263157894737,0.3742621015348288,0.29527272727272724
Prom,Disney,2010,2011,Live Action,0.36645683453237415,0.20618556701030943,0.21178120617110813,0.6263157894736844,0.4132231404958678,0.4392727272727272
Queen of Katwe,Disney,2010,2016,Live Action,0.31002697841726623,0.463917525773196,0.19495091164095374,0.8105263157894738,0.3010625737898465,0.27418181818181814
Saving Mr Banks,Disney,2010,2013,Live Action,0.333408273381295,0.4536082474226806,0.31416549789621323,0.6789473684210525,0.5159386068476977,0.4567272727272727
Secretariat,Disney,2010,2010,Live Action,0.39523381294964033,0.4329896907216497,0.31837307152875177,0.726315789473684,0.563164108618654,0.48
Stargirl,Disney,2010,2020,Live Action,0.2621402877697842,0.22680412371133984,0.33800841514726515,0.5000000000000002,0.3884297520661157,0.4159999999999999
The BFG,Disney,2010,2016,Live Action,0.19244604316546765,0.37113402061855627,0.2664796633941094,0.5736842105263158,0.27863046044864226,0.25309090909090903
The Finest Hours,Disney,2010,2016,Live Action,0.333408273381295,0.16494845360824772,0.24544179523141657,0.6210526315789477,0.27863046044864226,0.47490909090909084
The Jungle Book,Disney,2010,2016,Live Action,0.21492805755395683,0.16494845360824772,0.3099579242636746,0.4842105263157894,0.24793388429752067,0.31709090909090903
The Lion King,Disney,2010,2019,Live Action,0.3433003597122303,0.28865979381443285,0.20757363253856947,0.6631578947368417,0.3754427390791027,0.45963636363636357
The Lone Ranger,Disney,2010,2013,Live Action,0.2960881294964029,0.3814432989690726,0.2580645161290323,0.6947368421052633,0.33530106257378983,0.3258181818181818
The Muppets,Disney,2010,2011,Live Action,0.425134892086331,0.32989690721649456,0.2524544179523142,0.6157894736842102,0.5407319952774498,0.5359999999999999
The Nutcracker And The Four Realms,Disney,2010,2018,Live Action,0.2223471223021583,0.40206185567010344,0.17531556802244036,0.9105263157894739,0.26092089728453366,0.24727272727272728
The Odd Life of Timothy Green,Disney,2010,2012,Live Action,0.3705035971223022,0.16494845360824772,0.19775596072931273,0.536842105263158,0.4132231404958678,0.4043636363636363
The Sorcerer Apprentice,Disney,2010,2010,Live Action,0.2846223021582734,0.391752577319588,0.27068723702664804,0.605263157894737,0.4002361275088548,0.34981818181818175
Timmy Failure Mistakes Were Made,Disney,2010,2020,Live Action,0.36870503597122306,0.48453608247422686,0.25946704067321186,0.7526315789473685,0.5135773317591499,0.42327272727272724
Togo,Disney,2010,2019,Live Action,0.200089928057554,0.3092783505154637,0.24123422159887803,0.6421052631578952,0.2798110979929162,0.23127272727272727
Tomorrowland,Disney,2010,2015,Live Action,0.3540917266187051,0.41237113402061887,0.21318373071528757,0.773684210526316,0.3907910271546635,0.44509090909090904
TRON Legacy,Disney,2010,2010,Live Action,0.23606115107913672,0.463917525773196,0.24263674614305758,0.7368421052631582,0.2892561983471074,0.26109090909090904
Antz,Dreamworks,1990,1998,Animation,0.33003597122302164,0.37113402061855627,0.2286115007012623,0.6684210526315792,0.41558441558441556,0.4145454545454545
The Prince of Egypt,Dreamworks,1990,1998,Animation,0.18030575539568344,0.391752577319588,0.2903225806451613,0.6157894736842102,0.18536009445100354,0.2029090909090909
Chicken Run,Dreamworks,2000,2000,Animation,0.2830485611510792,0.2783505154639174,0.18092566619915845,0.7210526315789474,0.3293978748524203,0.32799999999999996
Flushed Away,Dreamworks,2000,2006,Animation,0.5094424460431655,0.32989690721649456,0.485273492286115,0.3210526315789475,0.9999999999999999,1.0
Madagascar,Dreamworks,2000,2005,Animation,0.39410971223021585,0.195876288659794,0.15708274894810653,0.6368421052631577,0.4569067296340023,0.4276363636363636
Monsters Vs Aliens,Dreamworks,2000,2009,Animation,0.25539568345323743,0.4329896907216497,0.27349228611500703,0.7789473684210526,0.3789846517119244,0.34909090909090906
Over the Hedge,Dreamworks,2000,2006,Animation,0.3968075539568346,0.21649484536082486,0.152875175315568,0.7105263157894737,0.4569067296340023,0.4276363636363636
Shanghai Knights,Dreamworks,2000,2003,Animation,0.3190197841726619,0.32989690721649456,0.2258064516129033,0.6947368421052633,0.4722550177095632,0.3221818181818181
Shark Tale,Dreamworks,2000,2004,Animation,0.5071942446043166,0.18556701030927858,0.13464235624123427,0.6631578947368417,0.5608028335301062,0.485090909090909
Shrek 2,Dreamworks,2000,2004,Animation,0.3307104316546763,0.34020618556701043,0.25666199158485276,0.6368421052631577,0.41204250295159384,0.40509090909090906
Sinbad Legend of the Seven Seas,Dreamworks,2000,2003,Animation,0.2052607913669065,0.28865979381443285,0.19214586255259464,0.8105263157894738,0.23494687131050768,0.2632727272727272
The Road to El Dorado,Dreamworks,2000,2000,Animation,0.29361510791366907,0.2783505154639174,0.24263674614305758,0.536842105263158,0.30578512396694213,0.32290909090909087
Wallace And Gromit In The Curse Of The Were-Rabbit,Dreamworks,2000,2005,Animation,0.07081834532374101,0.608247422680412,0.32959326788218807,0.6894736842105267,0.14167650531286896,0.09672727272727273
Home,Dreamworks,2010,2015,Animation,0.26326438848920863,0.34020618556701043,0.21739130434782622,0.6000000000000003,0.30932703659976385,0.35709090909090907
How to Train Your Dragon,Dreamworks,2010,2010,Animation,0.256294964028777,0.28865979381443285,0.20617110799438992,0.6631578947368417,0.2892561983471074,0.3105454545454545
Kung Fu Panda 2,Dreamworks,2010,2011,Animation,0.21875,0.268041237113402,0.22720897615708274,0.5210526315789472,0.2585596221959858,0.24509090909090905
Kung Fu Panda 3,Dreamworks,2010,2016,Animation,0.2990107913669065,0.268041237113402,0.19214586255259464,0.6894736842105267,0.371900826446281,0.352
Madagascar 2 Escape 2 Africa,Dreamworks,2010,2008,Animation,0.3700539568345324,0.268041237113402,0.1963534361851333,0.6263157894736844,0.46635182998819363,0.3694545454545454
Madagascar 3 Europe's Most Wanted,Dreamworks,2010,2012,Animation,0.31812050359712235,0.3505154639175254,0.20476858345021037,0.6631578947368417,0.3789846517119244,0.38399999999999995
Megamind 3D,Dreamworks,2010,2010,Animation,0.3471223021582734,0.3505154639175254,0.27629733520336613,0.631578947368421,0.5442739079102715,0.4574545454545454
Mr Peabody Sherman,Dreamworks,2010,2014,Animation,0.35431654676258995,0.4536082474226806,0.18934081346423565,0.9473684210526312,0.4462809917355372,0.4487272727272727
Penguins Of Madagascar,Dreamworks,2010,2014,Animation,0.30395683453237415,0.608247422680412,0.18934081346423565,0.8789473684210523,0.4462809917355372,0.31709090909090903
Puss in Boots 3D,Dreamworks,2010,2011,Animation,0.20975719424460432,0.25773195876288657,0.2580645161290323,0.605263157894737,0.2514757969303424,0.23636363636363636
Rise of the Guardians,Dreamworks,2010,2012,Animation,0.2893435251798561,0.22680412371133984,0.1879382889200562,0.6000000000000003,0.33412042502951594,0.32145454545454544
The Boss Baby,Dreamworks,2010,2017,Animation,0.38107014388489213,0.2783505154639174,0.17391304347826092,0.6789473684210525,0.46162927981109797,0.4116363636363636
The Croods,Dreamworks,2010,2013,Animation,0.24168165467625902,0.07216494845360799,0.16690042075736328,0.5526315789473684,0.21369539551357736,0.2945454545454545
Trolls,Dreamworks,2010,2016,Animation,0.33453237410071945,0.34020618556701043,0.23281907433380084,0.6000000000000003,0.4722550177095632,0.4501818181818181
Turbo,Dreamworks,2010,2013,Animation,0.2933902877697842,0.32989690721649456,0.22159887798036465,0.6368421052631577,0.38252656434474613,0.365090909090909
Despicable Me 3,Illumination,2010,2017,Animation,0.3068794964028777,0.195876288659794,0.09396914446002808,0.8210526315789475,0.358913813459268,0.27199999999999996
Despicable Me,Illumination,2010,2010,Animation,0.21627697841726617,0.2783505154639174,0.22720897615708274,0.6000000000000003,0.27036599763872493,0.2618181818181818
Despicable,Illumination,2010,Me,Animation,0.2589928057553957,0.24742268041237114,0.13744740532959326,0.6894736842105267,0.26564344746162927,0.2698181818181818
Hop,Illumination,2010,2011,Animation,0.4071492805755396,0.25773195876288657,0.18092566619915845,0.6684210526315792,0.5560802833530105,0.4618181818181818
Minions,Illumination,2010,2015,Animation,0.19514388489208634,0.4948453608247423,0.14305750350631136,0.9315789473684213,0.2597402597402597,0.1890909090909091
Sing,Illumination,2010,2016,Animation,0.47482014388489213,0.22680412371133984,0.23842917251051893,0.5210526315789472,0.5619834710743801,0.5941818181818181
The Grinch,Illumination,2010,2018,Animation,0.24392985611510792,0.2989690721649487,0.21458625525946712,0.6947368421052633,0.33884297520661155,0.28872727272727267
The Lorax,Illumination,2010,2012,Animation,0.2616906474820144,0.25773195876288657,0.21879382889200566,0.5789473684210529,0.29515938606847697,0.32290909090909087
The Secret Life of Pets 2,Illumination,2010,2019,Animation,0.3307104316546763,0.12371134020618557,0.152875175315568,0.6578947368421051,0.35064935064935066,0.30399999999999994
The Secret Life of Pets,Illumination,2010,2016,Animation,0.28574640287769787,0.12371134020618557,0.18934081346423565,0.5736842105263158,0.35064935064935066,0.3272727272727272
Monster Trucks,Paramount,2010,2016,Animation,0.22616906474820148,0.24742268041237114,0.24403927068723702,0.5789473684210529,0.21133412042502953,0.31999999999999995
Sherlock Gnomes,Paramount,2010,2018,Animation,0.3381294964028777,0.4226804123711343,0.2286115007012623,0.6947368421052633,0.45100354191263287,0.41090909090909084
The SpongeBob Movie Sponge Out of Water,Paramount,2010,2015,Animation,0.2733812949640288,0.4948453608247423,0.30014025245441806,0.7631578947368423,0.36717827626918537,0.3294545454545454
Wonder Park,Paramount,2010,2019,Animation,0.28642086330935257,0.4226804123711343,0.2524544179523142,0.6894736842105267,0.3707201889020071,0.3469090909090909
Cloudy With A Chance Of Meatballs,Sony,2000,2009,Animation,0.26866007194244607,0.48453608247422686,0.23842917251051893,0.868421052631579,0.3317591499409681,0.288
Open Season,Sony,2000,2006,Animation,0.2985611510791367,0.1752577319587627,0.1556802244039271,0.6210526315789477,0.3069657615112161,0.30618181818181817
Surf's Up,Sony,2000,2007,Animation,0.39973021582733814,0.134020618556701,0.21739130434782622,0.5526315789473684,0.45336481700118064,0.5032727272727272
Angry Birds 2,Sony,2010,2019,Animation,0.4017535971223022,0.3092783505154637,0.18934081346423565,0.5736842105263158,0.44037780401416765,0.40509090909090906
Arthur Christmas,Sony,2010,2011,Animation,0.38893884892086333,0.3814432989690726,0.16409537166900418,0.8631578947368423,0.42266824085005905,0.3818181818181818
Cloudy with a Chance of Meatballs 2,Sony,2010,2013,Animation,0.33678057553956836,0.4948453608247423,0.17391304347826092,0.9263157894736838,0.36835891381345925,0.3178181818181818
Goosebumps Haunted Halloween,Sony,2010,2018,Animation,0.3426258992805756,0.2989690721649487,0.16129032258064518,0.7368421052631582,0.3600944510035419,0.3614545454545454
Goosebumps,Sony,2010,2015,Animation,0.42018884892086333,0.195876288659794,0.13183730715287517,0.6105263157894736,0.42266824085005905,0.44145454545454543
Hotel Transylvania 2,Sony,2010,2015,Animation,0.3682553956834533,0.28865979381443285,0.16129032258064518,0.6789473684210525,0.45336481700118064,0.4465454545454545
Hotel Transylvania 3 Summer Vacation,Sony,2010,2018,Animation,0.24460431654676262,0.36082474226804173,0.22720897615708274,0.6947368421052633,0.3140495867768595,0.3207272727272727
Hotel Transylvania,Sony,2010,2012,Animation,0.3466726618705036,0.3092783505154637,0.3043478260869565,0.22631578947368447,0.41204250295159384,0.42836363636363634
Peter Rabbit,Sony,2010,2018,Animation,0.40287769784172667,0.3195876288659796,0.2286115007012623,0.6789473684210525,0.5277449822904368,0.5199999999999999
Smurfs The Lost Village,Sony,2010,2017,Animation,0.37702338129496404,0.3195876288659796,0.18653576437587654,0.7052631578947366,0.46399055489964575,0.39199999999999996
SpiderMan Into the Spider-Verse,Sony,2010,2018,Animation,0.5058453237410072,0.22680412371133984,0.24684431977559612,0.4526315789473687,0.6824085005903187,0.5869090909090908
The Emoji Movie,Sony,2010,2017,Animation,0.31407374100719426,0.23711340206185572,0.2370266479663395,0.605263157894737,0.39433293978748524,0.4436363636363636
The Pirates-Band of Misfits,Sony,2010,2012,Animation,0.25157374100719426,0.5463917525773203,0.2833099579242638,0.8526315789473682,0.4085005903187721,0.3556363636363636
The Smurfs,Sony,2010,2011,Animation,0.47234712230215836,0.391752577319588,0.1963534361851333,0.7157894736842108,0.6871310507674143,0.5294545454545454
The Star,Sony,2010,2017,Animation,0.3390287769784173,0.195876288659794,0.2201963534361852,0.5157894736842106,0.40731995277449823,0.40509090909090906
The,Sony,2010,Smurfs,Animation,0.46582733812949645,0.4329896907216497,0.21318373071528757,0.8,0.6351829988193624,0.5599999999999999
Castle In The Sky,StudioGhibli,1980,1986,Animation,0.4370503597122303,0.3092783505154637,0.14866760168302945,0.7421052631578948,0.47815820543093274,0.4589090909090909
Grave of the Fireflies,StudioGhibli,1980,1988,Animation,0.13938848920863312,0.23711340206185572,0.2258064516129033,0.6421052631578952,0.15230224321133412,0.22618181818181818
Kikis Delivery Service,StudioGhibli,1980,1989,Animation,0.25472122302158273,0.25773195876288657,0.27349228611500703,0.5263157894736843,0.41204250295159384,0.40363636363636357
My Neighbor Totoro,StudioGhibli,1980,1988,Animation,0.12252697841726619,0.25773195876288657,0.14305750350631136,0.6000000000000003,0.14049586776859502,0.16872727272727273
My Neighbors the Yamadas,StudioGhibli,1990,1999,Animation,0.21785071942446044,0.3814432989690726,0.22720897615708274,0.726315789473684,0.2963400236127509,0.27054545454545453
Only Yesterday,StudioGhibli,1990,1991,Animation,0.28169964028776984,0.37113402061855627,0.2791023842917251,0.6210526315789477,0.45336481700118064,0.4545454545454545
Pom Poko,StudioGhibli,1990,1994,Animation,0.26618705035971224,0.8350515463917523,0.6297335203366061,0.7052631578947366,0.5726092089728453,0.43709090909090903
Porco Rosso,StudioGhibli,1990,1992,Animation,0.2200989208633094,0.2989690721649487,0.2314165497896214,0.5894736842105261,0.28689492325855964,0.26545454545454544
Princess Mononoke,StudioGhibli,1990,1997,Animation,0.3073291366906475,0.2989690721649487,0.3478260869565218,0.5947368421052632,0.39669421487603307,0.48218181818181816
The Ocean Waves,StudioGhibli,1990,1993,Animation,0.19851618705035973,0.3814432989690726,0.2791023842917251,0.5631578947368421,0.269185360094451,0.2676363636363636
Whisper of the Heart,StudioGhibli,1990,1995,Animation,0.26393884892086333,0.195876288659794,0.19915848527349228,0.6263157894736844,0.30578512396694213,0.34909090909090906
Howls Moving Castle,StudioGhibli,2000,2004,Animation,0.24685251798561153,0.3092783505154637,0.22720897615708274,0.7052631578947366,0.38134592680047225,0.3534545454545454
Ponyo,StudioGhibli,2000,2008,Animation,0.23403776978417268,0.20618556701030943,0.16129032258064518,0.605263157894737,0.2963400236127509,0.2967272727272727
Spirited Away,StudioGhibli,2000,2001,Animation,0.2594424460431655,0.1752577319587627,0.18373071528751755,0.631578947368421,0.30932703659976385,0.35272727272727267
Tales From Earthsea,StudioGhibli,2000,2006,Animation,0.22684352517985612,0.36082474226804173,0.21598877980364656,0.6842105263157892,0.22904368358913813,0.2923636363636363
The Cat Returns,StudioGhibli,2000,2002,Animation,0.1823291366906475,0.268041237113402,0.16970546984572227,0.6526315789473685,0.23612750885478156,0.23927272727272728
Arrietty,StudioGhibli,2010,2010,Animation,0.10971223021582734,0.3092783505154637,0.21178120617110813,0.7315789473684211,0.16883116883116883,0.1847272727272727
From Up on Poppy Hill,StudioGhibli,2010,2011,Animation,0.1510791366906475,0.5154639175257731,0.2987377279102384,0.7894736842105263,0.22195985832349469,0.22981818181818178
The Tale of The Princess Kaguya,StudioGhibli,2010,2013,Animation,0.3194694244604317,0.5463917525773203,0.35624123422159887,0.726315789473684,0.5820543093270365,0.46618181818181814
The Wind Rises,StudioGhibli,2010,2013,Animation,0.2592176258992806,0.536082474226804,0.1907433380084152,0.7842105263157897,0.40968122786304606,0.29818181818181816
When Marnie Was There,StudioGhibli,2010,2014,Animation,0.2153776978417266,0.25773195876288657,0.2258064516129033,0.6631578947368417,0.32231404958677684,0.3221818181818181
The Land Before Time II-The Great Valley Adventure,Universal,1990,1994,Animation,0.19694244604316546,0.32989690721649456,0.09396914446002808,0.726315789473684,0.1829988193624557,0.23563636363636362
The Land Before Time III-The Time of The Great Giving,Universal,1990,1995,Animation,0.20818345323741005,0.28865979381443285,0.18232819074333811,0.7,0.2502951593860685,0.2814545454545454
The Land Before Time IV-Journey Through the Mists,Universal,1990,1996,Animation,0.23493705035971224,0.2783505154639174,0.13043478260869562,0.8105263157894738,0.26092089728453366,0.2996363636363636
The Land Before Time V-The Mysterious Island,Universal,1990,1997,Animation,0.16524280575539568,0.268041237113402,0.21879382889200566,0.6947368421052633,0.24203069657615112,0.24363636363636362
The Land Before Time VI-The Secret of Saurus Rock,Universal,1990,1998,Animation,0.20436151079136694,0.3195876288659796,0.13183730715287517,0.8789473684210523,0.2762691853600944,0.29018181818181815
Balto II Wolf Quest,Universal,2000,2002,Animation,0.19446942446043164,0.20618556701030943,0.2496493688639551,0.5473684210526317,0.22668240850059035,0.26545454545454544
Balto III Wings of Change,Universal,2000,2004,Animation,0.022931654676258996,0.07216494845360799,0.13323983169705472,0.6210526315789477,0.0,0.028363636363636365
Curious George 2 Follow That Monkey,Universal,2000,2009,Animation,0.16276978417266186,0.5154639175257731,0.24403927068723702,0.7368421052631582,0.20070838252656437,0.1847272727272727
The Chronicles Of Riddick-Dark Fury,Universal,2000,2004,Animation,0.04608812949640288,0.6185567010309274,0.28611500701262277,0.8421052631578949,0.05548996458087367,0.08145454545454546
The Land Before Time IX-Journey to Big Water,Universal,2000,2002,Animation,0.18570143884892087,0.34020618556701043,0.25105189340813466,0.6789473684210525,0.29161747343565525,0.3425454545454545
The Land Before Time VII-The Stone of Cold Fire,Universal,2000,2000,Animation,0.2569694244604317,0.34020618556701043,0.2201963534361852,0.8789473684210523,0.4557260920897284,0.4247272727272727
The Land Before Time VIII-The Big Freeze,Universal,2000,2001,Animation,0.2102068345323741,0.28865979381443285,0.20056100981767183,0.7368421052631582,0.3400236127508855,0.3294545454545454
The Land Before Time X-The Great Longneck Migration,Universal,2000,2003,Animation,0.212455035971223,0.23711340206185572,0.19495091164095374,0.7421052631578948,0.27036599763872493,0.3243636363636363
The Land Before Time XI,Universal,2000,2005,Animation,0.22976618705035973,0.268041237113402,0.24684431977559612,0.536842105263158,0.4167650531286895,0.35781818181818176
The Land Before Time XII-The Great Day Of The Flyers,Universal,2000,2006,Animation,0.1926708633093525,0.15463917525773185,0.2931276297335204,0.4052631578947372,0.2644628099173554,0.30690909090909085
The Land Before Time XIII -The Wisdom of Friends,Universal,2000,2007,Animation,0.15782374100719426,0.14432989690721643,0.24403927068723702,0.5210526315789472,0.1782762691853601,0.23999999999999996
Van Helsing The London Assignment,Universal,2000,2004,Animation,0.04406474820143885,0.44329896907216515,0.31837307152875177,0.6526315789473685,0.08028335301062574,0.06981818181818182
Curious George 3 Back to the Jungle,Universal,2010,2015,Animation,0.17176258992805754,0.3814432989690726,0.2791023842917251,0.5526315789473684,0.22668240850059035,0.21236363636363637
Curious George Royal Monkey,Universal,2010,2019,Animation,0.21762589928057557,0.3814432989690726,0.26227208976157085,0.6000000000000003,0.2668240850059032,0.24436363636363637
The Land Before Time XIV-Journey Of The Brave,Universal,2010,2016,Animation,0.2131294964028777,0.25773195876288657,0.22440392706872375,0.7368421052631582,0.2255017709563164,0.2778181818181818
The Little Engine That Could,Universal,2010,2010,Animation,0.2706834532374101,0.2783505154639174,0.16269284712482474,0.7473684210526315,0.33293978748524206,0.3425454545454545
