,Title,Year,Decade,House,Category,Flesch_Kincaid_score,flesch_score,dale_chall_score,spache_score,ari_score,coleman_liau_score,smog_score,linsear_write_score,Flesch_Kincaid_gl,flesch_gl,dale_chall_gl,spache_gl,ari_gl,coleman_liau_gl,smog_gl,linsear_write_gl,Movie_len,Avg_WordLen_Movie,Avg_PhrLen_Movie,Avg_WordLen_Phrase,Num_Adjectives,Num_Adverbs,Short_Phrases%
0,Ice Age Dawn of the Dinosaurs,2009,2000,Blue,Animation,0.2609417407688148,0.6453342242150429,0.1058938953137406,0.13439461696611274,0.4218926116265781,0.7492681689785766,0.2793099248382569,0.13173636325703433,1,5,10,4,0,1,6,2,0.22894736842105262,0.11064718162839238,0.339323467230444,0.1585185185185185,0.2777222777222777,0.29048295454545453,0.04983063184121385
1,Horton Hears a Who,2008,2000,Blue,Animation,0.30750720487472943,0.5766288905348804,0.18954066353603627,0.1862051063046536,0.42505057947464775,0.7603868488842568,0.36618898720774906,0.1555900610658977,2,5,12,5,0,1,6,2,0.33092105263157895,0.1544885177453027,0.3340380549682875,0.21777777777777785,0.3986013986013986,0.3600852272727273,0.14135819013867795
2,Ice Age 2-The Meltdown,2006,2000,Blue,Animation,0.266583430000588,0.6455330214574504,0.0891332791978473,0.09691567248976483,0.4266458956463901,0.7584676128610616,0.2853955628387852,0.14194622785252398,1,5,8,4,0,1,6,2,0.21052631578947367,0.11273486430062629,0.3668076109936575,0.1777777777777778,0.24975024975024976,0.2677556818181818,0.048435374149659864
3,Ice Age,2002,2000,Blue,Animation,0.2426426843189704,0.6880927980134617,0.09590350213693333,0.11262329204762744,0.4060442930783349,0.7423720001420865,0.25656232386682243,0.1380072240560829,1,5,10,4,0,1,6,2,0.18048245614035088,0.10229645093945716,0.36257928118393234,0.16148148148148145,0.22377622377622378,0.2237215909090909,0.03713555520784436
4,Epic,2013,2010,Blue,Animation,0.2619008876215912,0.6773837680658055,0.079020898700781,0.09575372528928304,0.4217540722895099,0.7633393130933255,0.2991901442835159,0.16418352631529234,1,5,8,4,0,1,6,2,0.3057017543859649,0.10020876826722336,0.3911205073995771,0.14222222222222214,0.35364635364635366,0.4509943181818182,0.15612030975912378
5,Ferdinand,2017,2010,Blue,Animation,0.22132348295218,0.7157067643235155,0.08987394939960469,0.1069347963409948,0.3856930480694849,0.7206339524585673,0.2627925164445521,0.12757759641509664,1,5,10,4,0,0,6,2,0.3815789473684211,0.08559498956158662,0.328752642706131,0.1392592592592593,0.4025974025974026,0.3991477272727273,0.18218405759389364
6,Ice Age 3 Continental Drift,2012,2010,Blue,Animation,0.2607321443458974,0.6531538076699857,0.17715436514892113,0.2115704413751509,0.3768719660492205,0.7201826776482695,0.3026682480829476,0.14041650650058132,1,5,12,5,0,0,6,2,0.2837719298245614,0.1148225469728601,0.30232558139534876,0.18074074074074076,0.3106893106893107,0.3132102272727273,0.0979906413432425
7,Ice Age Collision Course,2016,2010,Blue,Animation,0.31115875861558,0.5805079906335577,0.16947097785763632,0.1958709414273515,0.41690069001075497,0.7581807334736527,0.3573320043454131,0.16444115960374633,2,5,10,5,0,1,6,2,0.32171052631578945,0.13987473903966596,0.36786469344608874,0.1896296296296296,0.45454545454545453,0.37997159090909094,0.10524920736866783
8,Robots,2005,2010,Blue,Animation,0.2604981806200144,0.6724165832217084,0.08525566352399573,0.10212898967902273,0.4313010186594056,0.7681171953443509,0.29071586173442154,0.15658432770017078,1,5,8,4,0,1,6,2,0.28771929824561404,0.10229645093945716,0.38689217758985195,0.16888888888888898,0.35264735264735264,0.3203125,0.06851889590833957
9,Rio 2,2014,2010,Blue,Animation,0.2980264199935539,0.5841867248089652,0.10767533169218237,0.11894874922064158,0.4287961242060873,0.7585882416710775,0.3435080403571725,0.14427105411894975,1,5,10,4,0,1,6,2,0.40021929824561403,0.12734864300626303,0.3234672304439746,0.19259259259259254,0.48951048951048953,0.4353693181818182,0.03836047909154958
10,Spies in Disguise,2019,2010,Blue,Animation,0.2929722422755053,0.5869092013664048,0.13805296098610087,0.1406237700442866,0.4348262403480757,0.7594077472910725,0.3377946620776369,0.13767409274568293,1,5,10,4,0,1,6,2,0.3732456140350877,0.12943632567849683,0.3097251585623678,0.2281481481481481,0.4045954045954046,0.3828125,0.07252692743764172
11,Rio,2011,2010,Blue,Animation,0.25153082188216624,0.6786389763188616,0.08081407727455969,0.08659760552296081,0.4051212756113575,0.7449160588224115,0.2860478649504663,0.14670793423468856,1,5,8,4,0,1,6,2,0.387719298245614,0.10647181628392477,0.3171247357293868,0.17629629629629628,0.4145854145854146,0.44247159090909094,0.07603328378355288
12,The Peanuts Movie,2015,2010,Blue,Animation,0.30309836456032346,0.6098108348391311,0.09931347094416863,0.10196191758136376,0.4580321900025511,0.792192379195374,0.32233935604887964,0.17427898599903766,2,5,10,4,0,2,6,2,0.19824561403508772,0.14613778705636749,0.39957716701902746,0.21925925925925926,0.28471528471528473,0.25,0.07390373989971576
13,The Land Before Time IX-Journey to Big Water,2002,2000,Universal,Animation,0.3076514357190204,0.6257495485006794,0.15824081167074744,0.15991574029698885,0.40863920860284586,0.7590450918424727,0.3491295400728421,0.19895720216755025,2,5,10,4,0,1,6,3,0.20986842105263157,0.12526096033402923,0.3551797040169133,0.1896296296296296,0.31368631368631367,0.35866477272727276,0.2590621731022877
14,The Land Before Time XII-The Great Day Of The Flyers,2006,2000,Universal,Animation,0.26015022102559804,0.7009755771363868,0.0470690314092419,0.037012011278244716,0.41074804154728706,0.7592893096404206,0.2511268698648184,0.17896219892900833,1,5,8,4,0,1,6,2,0.20043859649122805,0.09185803757828803,0.41860465116279066,0.1140740740740741,0.26673326673326675,0.3231534090909091,0.09568076898754188
15,The Land Before Time XI,2005,2000,Universal,Animation,0.27130063489952405,0.7031758762232556,0.2379662287213571,0.26137847761234645,0.37123420896771503,0.7319175042472494,0.3046218981902099,0.2040455260712372,1,5,12,5,0,0,6,3,0.2611842105263158,0.11064718162839238,0.3446088794926004,0.1525925925925926,0.4255744255744256,0.3700284090909091,0.18086068671548763
16,Balto III Wings of Change,2004,2000,Universal,Animation,0.2077262531430129,0.7357242883568871,0.12717858850546582,0.10720566438296276,0.3485523126455176,0.6897468208244338,0.22812413382482802,0.12033346986235965,0,5,10,4,0,-1,5,1,0.0368421052631579,0.0793319415448851,0.27906976744186046,0.17333333333333334,0.04395604395604395,0.049715909090909095,0.24092531069275258
17,The Land Before Time X-The Great Longneck Migration,2003,2000,Universal,Animation,0.2479837722210789,0.7172189969685251,0.04505562120571571,0.03724281018087061,0.42743860078747775,0.7706115904005182,0.3085226923358626,0.17773480357909385,1,5,8,4,0,2,6,2,0.24956140350877193,0.10438413361169097,0.29704016913319237,0.1585185185185185,0.2887112887112887,0.33948863636363635,0.6120159247195078
18,The Land Before Time XIII -The Wisdom of Friends,2007,2000,Universal,Animation,0.2399306375801397,0.7289051161657674,0.015391248500700285,0.01301709789545247,0.4083082612964932,0.7559087917960633,0.2283941830390397,0.16861140351761386,1,5,8,4,0,1,5,2,0.16644736842105262,0.08977035490605423,0.3816067653276955,0.14666666666666672,0.1938061938061938,0.2578125,0.05324658328191896
19,Curious George 2 Follow That Monkey,2009,2000,Universal,Animation,0.35923729246895875,0.4804578311438417,0.12132609233155632,0.11844802089704998,0.4832116347366264,0.8031977930024743,0.4236643943448698,0.1614501329858255,2,6,10,4,0,3,7,2,0.1712719298245614,0.16492693110647183,0.3816067653276955,0.20740740740740737,0.2127872127872128,0.20383522727272727,0.11029103566416996
20,The Land Before Time VII-The Stone of Cold Fire,2000,2000,Universal,Animation,0.3149090725106942,0.6197287635644324,0.04183600058834725,0.028614375315764273,0.4626099531165666,0.799206661089703,0.3689290120260441,0.2076589384359414,2,5,8,4,0,2,6,3,0.2949561403508772,0.12943632567849683,0.3181818181818182,0.20444444444444443,0.44455544455544455,0.43678977272727276,0.5316077650572424
21,Balto II Wolf Quest,2002,2000,Universal,Animation,0.2734925729115669,0.6790438909664536,0.06626693519585114,0.06396177178577034,0.4128808244972487,0.7612248901602845,0.2635134941384656,0.18246443490140327,1,5,8,4,0,1,6,2,0.20219298245614034,0.10229645093945716,0.38583509513742065,0.15555555555555545,0.23476523476523475,0.28267045454545453,0.2066001631219023
22,Van Helsing The London Assignment,2004,2000,Universal,Animation,0.3504087762177759,0.5278291467225045,0.1290665466747557,0.15882728500682053,0.4824864871440672,0.8113142927539307,0.4368139063106352,0.19116298216616634,2,5,10,4,0,3,7,2,0.055482456140350876,0.1503131524008351,0.43763213530655387,0.1837037037037037,0.1108891108891109,0.09161931818181819,0.03294923411541487
23,The Chronicles Of Riddick-Dark Fury,2004,2000,Universal,Animation,0.37689740391002857,0.4797391327508782,0.09728054472064784,0.1357644987095845,0.5285578430625515,0.8454551606795382,0.4658696513977556,0.1955355720579892,2,6,10,4,2,4,7,2,0.0574561403508772,0.18580375782880998,0.41331923890063416,0.23703703703703705,0.0899100899100899,0.10298295454545454,0.016053391053391056
24,The Land Before Time VIII-The Big Freeze,2001,2000,Universal,Animation,0.277710305453401,0.6796336083866836,0.07485942947144741,0.08759782131332294,0.4618396178912876,0.7981406536792067,0.3552564070223442,0.1980007929511543,1,5,8,4,0,2,6,3,0.21754385964912282,0.1189979123173277,0.3488372093023256,0.20740740740740737,0.3306693306693307,0.34517045454545453,0.14623125898541797
25,Curious George 3 Back to the Jungle,2015,2010,Universal,Animation,0.32526844084617795,0.5842980278929537,0.08818300523903501,0.12073770815445363,0.4821408028354364,0.8124389285820002,0.398441945871502,0.1959021357391174,2,5,8,4,0,3,7,2,0.1800438596491228,0.13778705636743216,0.40803382663847776,0.15555555555555545,0.23476523476523475,0.23082386363636365,0.03721708222257069
26,The Land Before Time XIV-Journey Of The Brave,2016,2010,Universal,Animation,0.2499950631082629,0.6936592346815891,0.036818140646140314,0.03624575391718576,0.4362993632303833,0.7723640967893086,0.2614246520333149,0.1558800218943036,1,5,8,4,0,2,6,2,0.22039473684210525,0.11273486430062629,0.3668076109936575,0.20740740740740737,0.23376623376623376,0.2947443181818182,0.07224759005580926
27,The Little Engine That Could,2010,2010,Universal,Animation,0.23416384073766786,0.6978562604997878,0.06643248464379857,0.06749810071927154,0.40790296129121456,0.7405890758349096,0.25426900075146874,0.13239348358673028,1,5,8,4,0,1,6,2,0.27653508771929824,0.1169102296450939,0.3202959830866807,0.21037037037037032,0.3246753246753247,0.35795454545454547,0.08783617073772514
28,Curious George Royal Monkey,2019,2010,Universal,Animation,0.32431715638155445,0.6336884979682949,0.3172362677460294,0.3792237614741454,0.3632758606030483,0.7250723164693118,0.4060123606011145,0.2401074041433165,2,5,13,6,0,0,7,3,0.25,0.12317327766179531,0.35306553911205074,0.1644444444444445,0.3276723276723277,0.2684659090909091,0.2526777648728869
29,The Land Before Time IV-Journey Through the Mists,1996,1990,Universal,Animation,0.2460767778497886,0.6819300792265137,0.07492934294705311,0.07507511392673116,0.4197132466429805,0.7525524808584856,0.2911043623032749,0.14089210565393442,1,5,8,4,0,1,6,2,0.27324561403508774,0.1148225469728601,0.24524312896405914,0.1896296296296296,0.27372627372627373,0.3146306818181818,0.5583119475335044
30,The Land Before Time V-The Mysterious Island,1997,1990,Universal,Animation,0.2563632945358532,0.7058628334276484,0.12050930776657852,0.12157223162826415,0.39633403355896174,0.7483587832275144,0.2862965684078901,0.17971245009850362,1,5,10,4,0,1,6,2,0.17719298245614035,0.11064718162839238,0.3424947145877378,0.21037037037037032,0.25574425574425574,0.26278409090909094,0.13843815180118074
31,The Land Before Time VI-The Secret of Saurus Rock,1998,1990,Universal,Animation,0.2522589987989395,0.6706427265512032,0.068964520503081,0.06642204655555195,0.4170396828300286,0.7506736136827031,0.27694648265474275,0.13992765640666635,1,5,8,4,0,1,6,2,0.2118421052631579,0.12526096033402923,0.29704016913319237,0.2474074074074074,0.27672327672327673,0.3068181818181818,0.04816017316017315
32,The Land Before Time II-The Great Valley Adventure,1994,1990,Universal,Animation,0.2255988109359808,0.6956416092588049,0.12627161069930135,0.11277714719052155,0.387483586906716,0.7131945492739766,0.2403036156833497,0.11487987250522955,1,5,10,4,0,0,5,1,0.20460526315789473,0.12734864300626303,0.26849894291754756,0.20444444444444443,0.1978021978021978,0.25355113636363635,0.3093298577169545
33,The Land Before Time III-The Time of The Great Giving,1995,1990,Universal,Animation,0.2601158232209889,0.6687138109831925,0.06748834322210473,0.0766206230019203,0.4345621925147794,0.7689874938833597,0.2803462227276511,0.15172826074117474,1,5,8,4,0,2,6,2,0.2155701754385965,0.1189979123173277,0.33509513742071884,0.197037037037037,0.2547452547452547,0.29829545454545453,0.10532700187872601
34,The Grinch,2018,2010,Illumination,Animation,0.2552053615404527,0.6730905730538783,0.07620341940397346,0.08483550294680686,0.431312197607396,0.7647525625792736,0.2792600808291439,0.14732479518046548,1,5,8,4,0,1,6,2,0.2513157894736842,0.12108559498956162,0.3572938689217759,0.19851851851851843,0.32967032967032966,0.3053977272727273,0.09143679046591667
35,Despicable Me 2,2013,2010,Illumination,Animation,0.5574187900574901,0.3316469697184217,0.10631941639723286,0.1953224855229357,0.6525869680206253,0.908812420667752,0.6632332520576896,0.3938641710893352,4,6,10,5,4,6,8,5,0.35789473684210527,0.17745302713987465,0.8202959830866806,0.09925925925925927,0.7942057942057942,0.9254261363636364,0.026252235311468763
36,Hop,2011,2010,Illumination,Animation,0.2608333819653592,0.6569147815944825,0.11023766363960208,0.09751883690466123,0.3968886040208269,0.7368655053658076,0.3122210445196525,0.14483013591874522,1,5,10,4,0,1,6,2,0.40964912280701754,0.11273486430062629,0.3340380549682875,0.18814814814814818,0.5134865134865135,0.4744318181818182,0.06060606060606061
37,The Secret Life of Pets 2,2019,2010,Illumination,Animation,0.23238693906839805,0.7158921872336586,0.227461623645154,0.24052301394444744,0.32868967704232604,0.689286010407921,0.2355330103516379,0.14448294029093212,1,5,12,5,0,-1,5,2,0.35285087719298247,0.0835073068893527,0.2822410147991543,0.197037037037037,0.37362637362637363,0.31960227272727276,0.23614264226389003
38,Despicable Me 3,2017,2010,Illumination,Animation,0.2355316803770735,0.678437145185609,0.12522360042541705,0.10816346206303627,0.3745312268214421,0.7046363676340909,0.2865920826110163,0.11950512521573972,1,5,10,4,0,0,6,1,0.3125,0.10020876826722336,0.2674418604651162,0.23555555555555552,0.34665334665334663,0.2890625,0.12308659437372309
39,The Secret Life of Pets,2016,2010,Illumination,Animation,0.2171537470514771,0.7262720379063548,0.09322315570428152,0.09191152946929293,0.3807033415643599,0.7187039076779812,0.22499062313536733,0.1274541383269941,1,5,10,4,0,0,5,2,0.2916666666666667,0.08559498956158662,0.339323467230444,0.16296296296296298,0.33966033966033965,0.34303977272727276,0.027856025039123634
40,Despicable Me,2010,2010,Illumination,Animation,0.26993365510870754,0.6395389661872461,0.0868759615666439,0.07004933895165022,0.40389870190000293,0.7418052845619062,0.3123584144919277,0.1443999203878378,1,5,8,4,0,1,6,2,0.22346491228070176,0.1169102296450939,0.36892177589852004,0.16888888888888898,0.27172827172827174,0.2791193181818182,0.06114474644682039
41,Minions,2015,2010,Illumination,Animation,0.3173664891077653,0.5243752501617807,0.15031645024795104,0.18012777932118718,0.444223776434895,0.7542501279992311,0.3241376141764071,0.12071223601543928,2,5,10,4,0,1,6,1,0.20285087719298245,0.1607515657620041,0.30549682875264267,0.26222222222222225,0.2627372627372627,0.2080965909090909,0.11134568770036748
42,Sing,2016,2010,Illumination,Animation,0.2974351066726798,0.6473743276460286,0.09824919171922407,0.1403297383974056,0.4437404600376016,0.7850847576083105,0.32274187619553163,0.1989683810491632,1,5,10,4,0,2,6,3,0.4763157894736842,0.10647181628392477,0.37737843551797035,0.14666666666666672,0.5184815184815185,0.6036931818181819,0.03747210643762368
43,The Lorax,2012,2010,Illumination,Animation,0.2654155419802233,0.6746566134772163,0.07210709155968176,0.07686693638783293,0.4202732286307403,0.763216714603003,0.34020826836825435,0.17125203991687002,1,5,8,4,0,1,6,2,0.2677631578947368,0.11273486430062629,0.36257928118393234,0.16296296296296298,0.29270729270729273,0.3387784090909091,0.030172048478684637
44,The Road to El Dorado,2000,2000,Dreamworks,Animation,0.2592823379232189,0.7182632491905663,0.31707919067827506,0.383164830220204,0.3110371651903673,0.6872645572624759,0.33803964898284444,0.2004182114402512,1,5,13,6,0,-1,6,3,0.3418859649122807,0.10647181628392477,0.3245243128964059,0.14370370370370378,0.40559440559440557,0.3380681818181818,0.31869242542377774
45,Over the Hedge,2006,2000,Dreamworks,Animation,0.2322223317885389,0.6956064969648135,0.1001474449564984,0.09054654965695252,0.3927863928507438,0.7259448053766734,0.26882327401973705,0.12815440916614046,1,5,10,4,0,0,6,2,0.39956140350877195,0.10438413361169097,0.31289640591966167,0.20000000000000007,0.42957042957042957,0.44105113636363635,0.06206415620641561
46,Shanghai Knights,2003,2000,Dreamworks,Animation,0.2910531567320449,0.6084899273066524,0.1452356814022837,0.14875970219013235,0.44143492374781296,0.772990958649495,0.3412465135084677,0.15441403288074315,1,5,10,4,0,2,6,2,0.3236842105263158,0.12734864300626303,0.36786469344608874,0.1955555555555556,0.44255744255744256,0.3380681818181818,0.11546960205964038
47,Monsters Vs Aliens,2009,2000,Dreamworks,Animation,0.3513493220123587,0.5112469018705008,0.1305920462721325,0.15259990149125954,0.4762329160009704,0.8034683947202703,0.4242704508533813,0.17623405734369932,2,6,10,4,0,3,7,2,0.2618421052631579,0.14822546972860118,0.40274841437632136,0.21777777777777785,0.36363636363636365,0.36434659090909094,0.07481580378776641
48,Madagascar,2005,2000,Dreamworks,Animation,0.2354142590726511,0.6825146049762858,0.10020404418131357,0.0993221787934877,0.3910220881115412,0.7197416841208654,0.24304904049645826,0.1197143249541784,1,5,10,4,0,0,5,1,0.3969298245614035,0.10020876826722336,0.3160676532769555,0.17925925925925923,0.42957042957042957,0.44105113636363635,0.08922305764411029
49,Chicken Run,2000,2000,Dreamworks,Animation,0.2556452790893641,0.6644666005308655,0.09320832774022914,0.10833699828690556,0.42462758702049697,0.7563205472119617,0.2907697611586634,0.14113481731539124,1,5,10,4,0,1,6,2,0.2885964912280702,0.1169102296450939,0.3340380549682875,0.2029629629629629,0.32167832167832167,0.34375,0.11253358621779673
50,Wallace And Gromit In The Curse Of The Were-Rabbit,2005,2000,Dreamworks,Animation,0.3970901296659533,0.4560615046327912,0.21275877574338,0.2721629653748662,0.4963201288942917,0.8233961709808083,0.4532575422120657,0.2066178772217076,3,6,12,5,0,3,7,3,0.08223684210526316,0.2379958246346554,0.39957716701902746,0.24592592592592588,0.1758241758241758,0.11576704545454546,0.06076122205154464
51,Shark Tale,2004,2000,Dreamworks,Animation,0.2473154237129606,0.6735752598231963,0.13001687276632126,0.14248619606080082,0.3938585390292801,0.7303085660242786,0.2774023162557105,0.13427393425891782,1,5,10,4,0,0,6,2,0.5072368421052632,0.09812108559498955,0.2991543340380549,0.18666666666666665,0.5174825174825175,0.49715909090909094,0.126984126984127
52,Shrek 2,2004,2000,Dreamworks,Animation,0.30268348709211,0.6095778901760358,0.08458504465729777,0.1274411071321998,0.4522848938816864,0.7877450597579838,0.3240442404259275,0.1735162217983457,2,5,8,4,0,2,6,2,0.3350877192982456,0.12943632567849683,0.3911205073995771,0.17925925925925923,0.3916083916083916,0.41903409090909094,0.06635666215394276
53,Sinbad Legend of the Seven Seas,2003,2000,Dreamworks,Animation,0.2678601539512858,0.6530401588761943,0.0636069876474884,0.08533840906101631,0.4267228468890975,0.7627244468752156,0.3197127184623243,0.15383791708733266,1,5,8,4,0,1,6,2,0.21271929824561403,0.1189979123173277,0.3424947145877378,0.2281481481481481,0.24175824175824176,0.28053977272727276,0.04797843665768194
54,Flushed Away,2006,2000,Dreamworks,Animation,0.383968173763961,0.5436628713440848,0.09076284787455537,0.16174091648321842,0.5274515004329536,0.8437201330561134,0.4417821873397312,0.2629262468910404,2,5,10,4,2,4,7,3,0.5094298245614035,0.12734864300626303,0.5634249471458773,0.09037037037037043,0.8891108891108891,1.0,0.0070254376097724615
55,The Boss Baby,2017,2010,Dreamworks,Animation,0.2770259889304595,0.6101195803447671,0.09169012637498343,0.10069021178821913,0.4092227807514537,0.7365463844023545,0.2944920972660655,0.12807728752614944,1,5,10,4,0,1,6,2,0.3842105263157895,0.1169102296450939,0.328752642706131,0.19111111111111112,0.43356643356643354,0.42542613636363635,0.06442272891784293
56,Mr Peabody Sherman,2014,2010,Dreamworks,Animation,0.3599873025256007,0.4945765535213624,0.16895980490740692,0.1776811593608807,0.4658291964212834,0.7956254038005474,0.4305860878418789,0.1763574338433947,2,6,10,4,0,2,7,2,0.3581140350877193,0.1524008350730689,0.34038054968287523,0.2666666666666666,0.4205794205794206,0.4616477272727273,0.06231287252761425
57,Kung Fu Panda 2,2011,2010,Dreamworks,Animation,0.2545362558053075,0.6958360258515026,0.09222565456357124,0.06378584763181494,0.3955620561002431,0.7452354014819466,0.27000124090612143,0.1661985903858547,1,5,10,4,0,1,6,2,0.22587719298245615,0.1148225469728601,0.36892177589852004,0.14666666666666672,0.26173826173826176,0.26278409090909094,0.15640589569161
58,Kung Fu Panda 3,2016,2010,Dreamworks,Animation,0.26777910162323404,0.6405243398804448,0.10453071616609333,0.08135199172178376,0.4070481253830874,0.7426557073256987,0.26973610104801393,0.1381707195430615,1,5,10,4,0,1,6,2,0.30416666666666664,0.1148225469728601,0.3424947145877378,0.19407407407407407,0.35764235764235763,0.3671875,0.05356202512600618
59,Puss in Boots 3D,2011,2010,Dreamworks,Animation,0.2563093465673857,0.6779161996764831,0.053489963291584515,0.04889343412802949,0.4121644392760957,0.7532404183173655,0.28791350990971465,0.154282966074783,1,5,8,4,0,1,6,2,0.21710526315789475,0.11273486430062629,0.39217758985200846,0.1703703703703704,0.25574425574425574,0.25426136363636365,0.10987654320987654
60,Rise of the Guardians,2012,2010,Dreamworks,Animation,0.21285734436962028,0.7292194536845278,0.05384488175167135,0.06779278420487556,0.3798464951988868,0.7148901755920456,0.24330294570346975,0.1241411877137442,1,5,8,4,0,0,5,1,0.29473684210526313,0.10647181628392477,0.339323467230444,0.16888888888888898,0.3256743256743257,0.33735795454545453,0.07881162692878176
61,The Croods,2013,2010,Dreamworks,Animation,0.18007917950957486,0.7835583669024735,0.02205438139802951,0.0,0.35012239407189505,0.6883499286355942,0.2264940263509314,0.11705081510056373,0,9,8,3,0,-1,5,1,0.2482456140350877,0.07515657620041749,0.3234672304439746,0.15555555555555545,0.22377622377622378,0.31107954545454547,0.06936326085262254
62,Penguins Of Madagascar,2014,2010,Dreamworks,Animation,0.3601241122908648,0.4639138399648166,0.1838713741878701,0.2074187540615542,0.4959378051139219,0.8054000238909313,0.39576891737537534,0.14486931805814227,2,6,12,5,0,3,7,2,0.3089912280701754,0.18371607515657618,0.34038054968287523,0.2474074074074074,0.4205794205794206,0.33309659090909094,0.1093215582875356
63,Trolls,2016,2010,Dreamworks,Animation,0.3044816062344742,0.6120348705619332,0.08219706863404097,0.0929569604384386,0.4642234195136155,0.7976720763157936,0.32325556728645066,0.1787268476176588,2,5,8,4,0,2,6,2,0.33881578947368424,0.12943632567849683,0.3731501057082452,0.16888888888888898,0.44255744255744256,0.4630681818181818,0.09677200135915733
64,Turbo,2013,2010,Dreamworks,Animation,0.2797136142540663,0.6355737609851793,0.07761039471480102,0.10774093549241824,0.4311950565770713,0.7676460059016394,0.30969467013154794,0.1570998978663077,1,5,8,4,0,1,6,2,0.2986842105263158,0.12734864300626303,0.36469344608879484,0.17925925925925923,0.36663336663336665,0.37997159090909094,0.07394289212471031
65,Home,2015,2010,Dreamworks,Animation,0.2974217408461647,0.5852107903590761,0.12603654739387615,0.05143334556575363,0.4057419695892909,0.741543676209785,0.3532968403882221,0.14510420057729898,1,5,10,4,0,1,6,2,0.2692982456140351,0.12943632567849683,0.36152219873150104,0.16888888888888898,0.3046953046953047,0.37215909090909094,0.0514488041043428
66,Megamind 3D,2010,2010,Dreamworks,Animation,0.31921633389180154,0.5718874844335575,0.1008351433459117,0.1276112556218585,0.4530246584201697,0.7866262685975263,0.3645080517716497,0.17091049805775968,2,5,10,4,0,2,6,2,0.3510964912280702,0.13152400835073064,0.40591966173361516,0.1777777777777778,0.5034965034965035,0.4701704545454546,0.04678362573099415
67,Madagascar 2 Escape 2 Africa,2008,2010,Dreamworks,Animation,0.2671042065462752,0.6441678151855155,0.09295103543139872,0.10280191517843608,0.4209842920384085,0.7541040825851497,0.32547839665027234,0.14498439709969527,1,5,10,4,0,1,6,2,0.3734649122807018,0.1148225469728601,0.3456659619450317,0.17629629629629628,0.43756243756243757,0.38423295454545453,0.10715392310484335
68,How to Train Your Dragon,2010,2010,Dreamworks,Animation,0.2414784466884984,0.6832826002230461,0.08111671609464055,0.06315886793360226,0.4257580841425113,0.7531846762250852,0.2644073550026709,0.13224273851942994,1,5,8,4,0,1,6,2,0.2625,0.1189979123173277,0.35306553911205074,0.18666666666666665,0.28771228771228774,0.32670454545454547,0.06586006586006586
69,Madagascar 3 Europe's Most Wanted,2012,2010,Dreamworks,Animation,0.30327984479722314,0.5705236983614359,0.10873413392558627,0.1013831401566897,0.4230359802681293,0.7522741798231986,0.3472100889078681,0.14105209030243165,2,5,10,4,0,1,6,2,0.32280701754385965,0.12943632567849683,0.3509513742071881,0.18814814814814818,0.36363636363636365,0.3984375,0.06150031502144177
70,Antz,1998,1990,Dreamworks,Animation,0.3171036290893453,0.564775847842772,0.1118665202050112,0.12151270691842295,0.4287552993351269,0.7653651197683818,0.38678264780756255,0.16308806242097726,2,5,10,4,0,1,6,2,0.33706140350877195,0.13569937369519824,0.3668076109936575,0.18814814814814818,0.3986013986013986,0.42826704545454547,0.17018370552482415
71,The Prince of Egypt,1998,1990,Dreamworks,Animation,0.3593140317519391,0.5801976708910708,0.07452202019000731,0.10766726988653608,0.5089253958272668,0.8312725624767605,0.3962910021427432,0.24952812173112784,2,5,8,4,0,3,7,3,0.18837719298245614,0.13987473903966596,0.41649048625792806,0.17333333333333334,0.1998001998001998,0.2215909090909091,0.04168130195527456
72,My Neighbor Totoro,1988,1980,StudioGhibli,Animation,0.8213137203038958,0.27965402765225433,0.12670000826004768,0.4932456792256222,0.8939505203503939,0.8968915476006388,0.7414644252138887,0.8764260082951989,8,7,10,6,8,5,9,12,0.13201754385964912,0.11273486430062629,0.30549682875264267,0.16888888888888898,0.16183816183816183,0.18821022727272727,0.057161207450224794
73,Grave of the Fireflies,1988,1980,StudioGhibli,Animation,0.2888864218861429,0.6066912152050672,0.08624030878094002,0.12901879050908305,0.4400544293711441,0.7695301565461682,0.34263846834549005,0.14923896548806434,1,5,8,4,0,2,6,2,0.15109649122807017,0.1148225469728601,0.36892177589852004,0.18074074074074076,0.17182817182817184,0.24431818181818182,0.050777349878761945
74,Kikis Delivery Service,1989,1980,StudioGhibli,Animation,0.2915277449769054,0.6061918634255954,0.03677753132406758,0.047405951137639464,0.4225012850747681,0.7584687301672612,0.33119796988042816,0.1522020807037737,1,5,8,4,0,1,6,2,0.26096491228070173,0.11273486430062629,0.40380549682875255,0.14814814814814814,0.3916083916083916,0.41761363636363635,0.026488095238095238
75,Castle In The Sky,1986,1980,StudioGhibli,Animation,0.2710584656543488,0.6219349947435635,0.10580265421537582,0.1203571777649114,0.4171978512794415,0.7429141633423063,0.3038404815678236,0.12953150809568842,1,5,10,4,0,1,6,2,0.4388157894736842,0.12317327766179531,0.3097251585623678,0.2088888888888889,0.44755244755244755,0.4715909090909091,0.08377551562630473
76,The Cat Returns,2002,2000,StudioGhibli,Animation,0.2660017877244251,0.6274689829835478,0.07849586059423652,0.1024911210169469,0.4120706753015658,0.7365052058565066,0.3170642424553175,0.1271581057892346,1,5,8,4,0,1,6,2,0.19035087719298247,0.1148225469728601,0.3255813953488371,0.1837037037037037,0.24275724275724275,0.2571022727272727,0.017695595983696192
77,Spirited Away,2001,2000,StudioGhibli,Animation,0.2354412133342084,0.6949987410907492,0.06087815546047126,0.09337971239610864,0.41067410093628826,0.7423568766781843,0.2711031735387498,0.13322109822926875,1,5,8,4,0,1,6,2,0.2655701754385965,0.09603340292275575,0.3361522198731501,0.1777777777777778,0.3046953046953047,0.3678977272727273,0.0347473860156412
78,Ponyo,2008,2000,StudioGhibli,Animation,0.22542913055472066,0.6986033345493374,0.0939721342259504,0.09120708796069732,0.38329706749725995,0.7122060134568808,0.21319383114825308,0.11545816990278368,1,5,10,4,0,0,5,1,0.2407894736842105,0.10229645093945716,0.3192389006342494,0.1703703703703704,0.2937062937062937,0.3132102272727273,0.21404521404521407
79,Howls Moving Castle,2004,2000,StudioGhibli,Animation,0.2838183801003553,0.6143280440066294,0.054967277668373386,0.10664567009155046,0.4536222844548087,0.7787226349408892,0.3244589157262763,0.1459715361296755,1,5,8,4,0,2,6,2,0.2532894736842105,0.12317327766179531,0.36892177589852004,0.19851851851851843,0.36563436563436563,0.36860795454545453,0.004538790080958755
80,Tales From Earthsea,2006,2000,StudioGhibli,Animation,0.2650901673912145,0.6396093245841832,0.0639115494125998,0.09304238220111673,0.4380683867263134,0.7623463645927502,0.29581918221129744,0.13487256699799618,1,5,8,4,0,1,6,2,0.2337719298245614,0.13361169102296455,0.3604651162790697,0.19259259259259254,0.23676323676323677,0.30894886363636365,0.06843521722414456
81,The Wind Rises,2013,2010,StudioGhibli,Animation,0.3500456762510589,0.4778073892065575,0.07968480940460597,0.09015968012651908,0.4870498065953174,0.7959921456350687,0.4038040990567727,0.14133101199993972,2,6,8,4,0,2,7,2,0.26535087719298245,0.16910229645093933,0.34143763213530653,0.22074074074074068,0.38961038961038963,0.3146306818181818,0.017387057387057387
82,The Tale of The Princess Kaguya,2013,2010,StudioGhibli,Animation,0.38673064796827616,0.4809914976506602,0.06292189372808032,0.08373279656023946,0.5200819925873719,0.8413244913956522,0.4482551488913907,0.21123088411915186,3,6,8,4,2,4,7,3,0.35219298245614034,0.16910229645093933,0.42811839323467227,0.18222222222222229,0.5614385614385614,0.4794034090909091,0.3698337825696316
83,From Up on Poppy Hill,2011,2010,StudioGhibli,Animation,0.5157472781354693,0.3788736054603212,0.10844832890622423,0.2327749174399477,0.6237095402945465,0.8967687410449849,0.6211824455649599,0.35974913689373594,4,6,10,5,3,5,8,5,0.1600877192982456,0.16492693110647183,0.42283298097251576,0.2222222222222222,0.23076923076923078,0.24786931818181818,0.04823848238482385
84,When Marnie Was There,2014,2010,StudioGhibli,Animation,0.2857300979647873,0.6144190647566208,0.09686783960234502,0.09678840370229536,0.4165061499948625,0.7529917429828927,0.314685949384249,0.14842862550386332,1,5,10,4,0,1,6,2,0.22280701754385965,0.11273486430062629,0.3668076109936575,0.18666666666666665,0.3156843156843157,0.3380681818181818,0.015327650047360718
85,Porco Rosso,1992,1990,StudioGhibli,Animation,0.2724025265842289,0.6269234484494328,0.060934287293801015,0.10745547051278692,0.4361046895183419,0.7614013563160263,0.297753378553022,0.13584082345765336,1,5,8,4,0,1,6,2,0.22719298245614036,0.12108559498956162,0.3720930232558139,0.16592592592592592,0.2857142857142857,0.28267045454545453,0.025092334150948713
86,Only Yesterday,1991,1990,StudioGhibli,Animation,0.3187014776590351,0.577211918594744,0.08246753446089461,0.10326418665320668,0.4676252483581241,0.7984676341851658,0.3734757582607521,0.17577769002552895,2,5,8,4,0,2,6,2,0.28728070175438597,0.13569937369519824,0.40803382663847776,0.17481481481481487,0.42657342657342656,0.46732954545454547,0.048435374149659864
87,My Neighbors the Yamadas,1999,1990,StudioGhibli,Animation,0.3280237699251161,0.5457496737322591,0.10277724990310956,0.15592919712638065,0.4673443477555869,0.7942406969916678,0.4107574841060667,0.16674434069336938,2,5,10,4,0,2,7,2,0.225,0.13778705636743216,0.36892177589852004,0.20444444444444443,0.2937062937062937,0.28764204545454547,0.04050748136769642
88,Whisper of the Heart,1995,1990,StudioGhibli,Animation,0.2514133102750069,0.6664021865596226,0.06263912492559642,0.06100572533177395,0.40446404125539664,0.7383681708081591,0.3150857190346441,0.1377904724494986,1,5,8,4,0,1,6,2,0.26995614035087717,0.10020876826722336,0.34778012684989423,0.17629629629629628,0.3016983016983017,0.36434659090909094,0.03422130901313339
89,Pom Poko,1994,1990,StudioGhibli,Animation,0.5430083833077928,0.2590620606562879,0.12565996780074995,0.1693702469712809,0.6489425591139929,0.9316236029811708,0.6354313683426394,0.2988880019362472,4,7,10,4,4,6,8,4,0.27214912280701753,0.2296450939457202,0.6723044397463002,0.19851851851851843,0.5274725274725275,0.45028409090909094,0.025473149440091585
90,Princess Mononoke,1997,1990,StudioGhibli,Animation,0.29800843006387745,0.6187580142853428,0.016959387202477028,0.06206419866613878,0.4626837631759834,0.7955171879482995,0.34483882284942946,0.17587112312133954,1,5,8,4,0,2,6,2,0.312280701754386,0.12108559498956162,0.459830866807611,0.16740740740740734,0.3786213786213786,0.4943181818181818,0.03732360403430417
91,The Ocean Waves,1993,1990,StudioGhibli,Animation,0.3472809158048895,0.5255237369660866,0.1759845808604371,0.17443244086730106,0.4743577490935392,0.8037382041528429,0.4262985216406878,0.18258865800157448,2,5,12,4,0,3,7,2,0.20986842105263157,0.13778705636743216,0.39852008456659616,0.15703703703703709,0.2727272727272727,0.2840909090909091,0.11333970073225087
92,The SpongeBob Movie Sponge Out of Water,2015,2010,Paramount,Animation,0.3385923472717676,0.5288366314893538,0.1271365628428338,0.1479215922340743,0.4757539538259137,0.8013285793801104,0.38070790886302097,0.1660640187186474,2,5,10,4,0,2,6,2,0.2885964912280702,0.1524008350730689,0.39217758985200846,0.2148148148148148,0.34865134865134867,0.3465909090909091,0.06430490641016957
93,Monster Trucks,2016,2010,Paramount,Animation,0.2441778718426224,0.6929360413960786,0.05419706111519629,0.06576110882659593,0.42021868454125183,0.7563176752244725,0.3214397526132684,0.15029009235335095,1,5,8,4,0,1,6,2,0.23311403508771927,0.11064718162839238,0.3816067653276955,0.16296296296296298,0.2217782217782218,0.3359375,0.06371233084155895
94,Sherlock Gnomes,2018,2010,Paramount,Animation,0.3079006701790298,0.5920361199239759,0.13749820741257854,0.14506203936943618,0.4485133429115463,0.7830736991522076,0.3533289277266433,0.16905273322603234,2,5,10,4,0,2,6,2,0.34232456140350875,0.14613778705636749,0.3699788583509513,0.1955555555555556,0.4245754245754246,0.4247159090909091,0.08214357820657034
95,Wonder Park,2019,2010,Paramount,Animation,0.30763651635286665,0.579671557497194,0.07488736538994299,0.07566437113049773,0.4607939942462047,0.7880132662705124,0.3666020561248201,0.15862226753667658,2,5,8,4,0,2,6,2,0.2918859649122807,0.14613778705636749,0.3879492600422833,0.19407407407407407,0.35664335664335667,0.3622159090909091,0.03976631703584554
96,The Fox And The Hound,1981,1980,Disney,Animation,0.25118200954686576,0.7333161472402465,0.3177882959850826,0.2162848311763572,0.2762688740632128,0.6616355599449699,0.27470202919555153,0.19504695119110665,1,5,13,5,0,-2,6,2,0.18530701754385964,0.1565762004175365,0.31501057082452427,0.17925925925925923,0.2917082917082917,0.21875,0.06647992530345471
97,The Little Mermaid,1989,1980,Disney,Animation,0.3438682785524872,0.6321887737712384,0.3333138988534047,0.40736556448721306,0.3729072825833376,0.7275326586916353,0.39085670088686,0.27021717303081777,2,5,13,6,0,0,7,4,0.2853070175438597,0.1148225469728601,0.3657505285412262,0.14222222222222214,0.4745254745254745,0.34232954545454547,0.26405577807446967
98,Oliver and Company,1988,1980,Disney,Animation,0.2757144208544037,0.6276888135038541,0.12965841951974474,0.15244726914146212,0.4201995132909233,0.7532859205399528,0.3153315959899852,0.14363639339044973,1,5,10,4,0,1,6,2,0.29342105263157897,0.1148225469728601,0.33720930232558133,0.16000000000000003,0.34465534465534464,0.3125,0.1305855675603575
99,The Great Mouse Detective,1986,1980,Disney,Animation,0.37260184020558185,0.4703278545961092,0.16512662907168862,0.18206886109904108,0.4840386038173429,0.8088165520525977,0.4393665636552828,0.17659019191051584,2,6,10,4,0,3,7,2,0.19539473684210526,0.1565762004175365,0.34672304439746293,0.23555555555555552,0.3006993006993007,0.2713068181818182,0.08064333446596443
100,The Black Cauldrion,1985,1980,Disney,Animation,0.24220957660541584,0.6753102243970792,0.061662322770921214,0.06433455324323277,0.4108828335212649,0.7381470067464777,0.23945067569746906,0.12438821669892675,1,5,8,4,0,1,5,1,0.225,0.1169102296450939,0.3192389006342494,0.1955555555555556,0.25674325674325676,0.27201704545454547,0.11139557376116516
101,The Sword in the Stone,1963,1960,Disney,Animation,0.30380405117212017,0.6054445104189266,0.08709102902655386,0.11617734075306264,0.4510827847412432,0.786406544435785,0.388477812957309,0.17782905704153806,2,5,8,4,0,2,6,2,0.29473684210526313,0.12317327766179531,0.38372093023255816,0.17925925925925923,0.40559440559440557,0.3522727272727273,0.04728697615726904
102,One Hundred and One Dalmatians,1961,1960,Disney,Animation,0.2917517926347555,0.5939587511934215,0.12237072456155307,0.16777470173599152,0.4525901853751162,0.7751594816808831,0.3009159480665593,0.1387924048947986,1,5,10,4,0,2,6,2,0.28399122807017546,0.13152400835073064,0.3181818181818182,0.2592592592592592,0.4015984015984016,0.30965909090909094,0.008159990831470976
103,The Jungle Book,1967,1960,Disney,Animation,0.2883650503265554,0.6483706245318039,0.09498377300822257,0.13805700084807726,0.4433558433419148,0.7832943066911531,0.3286862850392007,0.1850650330621964,1,5,10,4,0,2,6,2,0.29210526315789476,0.11064718162839238,0.339323467230444,0.16000000000000003,0.3516483516483516,0.33948863636363635,0.2821422990199362
104,Alice in Wonderland,1951,1950,Disney,Animation,0.3053555045358516,0.6390823760056912,0.16550010550002825,0.19852833521768265,0.4011005491291221,0.7539124021954055,0.33723678279091984,0.2061169410564298,2,5,10,5,0,1,6,3,0.2918859649122807,0.12734864300626303,0.3604651162790697,0.15703703703703709,0.42157842157842157,0.3615056818181818,0.1630418998469667
105,Lady and the Tramp,1955,1950,Disney,Animation,0.2959117854339163,0.6067802057875298,0.10786070736816833,0.15450994991024025,0.4420525655375711,0.7760736445424724,0.3350827161942682,0.16050713562290214,1,5,10,4,0,2,6,2,0.2548245614035088,0.12526096033402923,0.3181818181818182,0.16148148148148145,0.3276723276723277,0.2947443181818182,0.35655966326892846
106,Sleeping Beauty,1959,1950,Disney,Animation,0.31743724249916483,0.5969222243296746,0.07404555848958573,0.13940486028721788,0.4792451623805888,0.8100784520610331,0.3603732122362998,0.1903139149558884,2,5,8,4,0,3,6,2,0.20043859649122805,0.1565762004175365,0.3255813953488371,0.1955555555555556,0.2777222777222777,0.2421875,0.3320685511920572
107,Cinderella,1950,1950,Disney,Animation,0.3458301008092223,0.5123305315799107,0.08850491764345436,0.10185233493803003,0.4703618349269045,0.7963388979566903,0.42358546169662414,0.16780988747265274,2,6,8,4,0,2,7,2,0.24166666666666664,0.14822546972860118,0.34038054968287523,0.20444444444444443,0.27972027972027974,0.28764204545454547,0.09955257270693511
108,Peter Pan,1953,1950,Disney,Animation,0.26260248640812806,0.6542917958115937,0.14322913984909302,0.1648766047204907,0.4117285416788362,0.7481113303837922,0.2367703696313699,0.13954015555225602,1,5,10,4,0,1,5,2,0.32609649122807016,0.1148225469728601,0.339323467230444,0.18666666666666665,0.34765234765234765,0.30042613636363635,0.07166510654145403
109,Treasure Planet,2002,2000,Disney,Animation,0.7221405787372701,0.2076639110915224,0.12368737239139882,0.31474447223002805,0.792811073265342,0.9415280434181024,0.801658640531624,0.5841811671791072,6,7,10,5,6,7,9,8,0.34714912280701754,0.1920668058455114,0.9999999999999999,0.10222222222222221,1.0,0.8835227272727273,0.04053169384908775
110,Dinosaur,2000,2000,Disney,Animation,0.2298511722568759,0.7031762274951796,0.046863632252769016,0.06508112582982084,0.4018338412050081,0.7345624047934232,0.2621712865090796,0.13053581337097936,1,5,8,4,0,0,6,2,0.14342105263157895,0.09394572025052195,0.3446088794926004,0.15407407407407403,0.17282717282717283,0.19460227272727273,0.2126642771804062
111,Chicken Little,2005,2000,Disney,Animation,0.2825032414973925,0.6303422414736191,0.0864187915994159,0.09611300094494812,0.4367632274996194,0.7717324417063802,0.3026132576359907,0.15644884443804788,1,5,8,4,0,2,6,2,0.3017543859649123,0.1189979123173277,0.3298097251585623,0.18074074074074076,0.37462537462537465,0.3544034090909091,0.07323675263647979
112,Ratatouille,2007,2000,Disney,Animation,0.3234639670942837,0.5654715444388541,0.09573138419258832,0.09468876791287384,0.4494210852639681,0.7843474562609337,0.4096436292408503,0.17688469854528993,2,5,10,4,0,2,7,2,0.3787280701754386,0.13778705636743216,0.40909090909090906,0.1703703703703704,0.5274725274725275,0.46022727272727276,0.062199159612478266
113,Recess Schools Out,2001,2000,Disney,Animation,0.388752690381488,0.4865931166929514,0.1387087917620622,0.19421412001643207,0.521214386789964,0.8425051883038172,0.4627170073712635,0.22145818354117228,3,6,10,5,2,4,7,3,0.3576754385964912,0.1607515657620041,0.43128964059196606,0.22370370370370363,0.5174825174825175,0.42684659090909094,0.055818414911965174
114,Cars,2006,2000,Disney,Animation,0.2678667191665832,0.6535940241078322,0.12320927353694976,0.14905326063296984,0.4280573247917574,0.7639209048114739,0.3109431354611081,0.15359061728922546,1,5,10,4,0,1,6,2,0.4611842105263158,0.1148225469728601,0.38689217758985195,0.16888888888888898,0.5724275724275725,0.5134943181818182,0.08760920388827367
115,The Jungle Book 2,2003,2000,Disney,Animation,0.26942643746121475,0.6470599143833917,0.11959901513581085,0.1307461588150144,0.4231258927068727,0.7588668471200627,0.2701429316929146,0.14694472380474338,1,5,10,4,0,1,6,2,0.2543859649122807,0.11064718162839238,0.33509513742071884,0.20740740740740737,0.2547452547452547,0.30326704545454547,0.08589206349206349
116,Lilo And Stitch,2002,2000,Disney,Animation,0.3188589841647572,0.5506309625292207,0.10353489902083213,0.0975399067975654,0.4381645954861814,0.7679437438812986,0.3676838463746174,0.151245705819184,2,5,10,4,0,1,6,2,0.22807017543859648,0.13778705636743216,0.343551797040169,0.21333333333333337,0.28471528471528473,0.2919034090909091,0.09501334457086669
117,Monsters Inc,2001,2000,Disney,Animation,0.2573527086536995,0.6723247381756225,0.16242082040063988,0.1812628841559003,0.391510257858105,0.7366842507144202,0.3110371522644524,0.15288420837488428,1,5,10,4,0,1,6,2,0.425,0.1169102296450939,0.30443974630021137,0.25037037037037035,0.45054945054945056,0.4353693181818182,0.14210575749037288
118,Meet the Robinsons,2007,2000,Disney,Animation,0.33287177752900804,0.5689712824842479,0.103570365926125,0.12663500005158346,0.4642097066233176,0.7990794967775988,0.3912332726026501,0.19404264636075336,2,5,10,4,0,2,7,2,0.35504385964912283,0.12526096033402923,0.41754756871035936,0.1777777777777778,0.44455544455544455,0.5078125,0.04298438704524134
119,The Emperors New Groove,2000,2000,Disney,Animation,0.2459115278985448,0.6913340266475725,0.09908911671790877,0.09815994179312293,0.4024142423031066,0.7438528474815718,0.2676106780206212,0.14732316992380615,1,5,10,4,0,1,6,2,0.3684210526315789,0.10020876826722336,0.3446088794926004,0.17481481481481487,0.4195804195804196,0.43110795454545453,0.09258362478701461
120,Finding Nemo,2003,2000,Disney,Animation,0.21124435745037734,0.7158906121381308,0.10432292729538427,0.10530950515038072,0.3699862683411052,0.6947504421726336,0.2215122230971155,0.10776465102841112,0,5,10,4,0,-1,5,1,0.48508771929824557,0.09812108559498955,0.29175475687103586,0.18814814814814818,0.44955044955044954,0.4708806818181818,0.09082509343152262
121,WALL-E,2008,2000,Disney,Animation,0.3296021596537071,0.5081355385186095,0.13181070359949876,0.1962679433006316,0.4600275188472773,0.7709321293031486,0.34112608562775826,0.12815182979786316,2,6,10,5,0,2,6,2,0.17719298245614035,0.13987473903966596,0.3033826638477801,0.2281481481481481,0.16283716283716285,0.12073863636363637,0.16360872485594088
122,Brother Bear,2003,2000,Disney,Animation,0.2644048631800744,0.6719247413576461,0.06861908949478235,0.08166794938021005,0.41167085438659706,0.7556853988713923,0.2679916168387137,0.16094559296324354,1,5,8,4,0,1,6,2,0.2642543859649123,0.10020876826722336,0.3752642706131078,0.15555555555555545,0.27672327672327673,0.3231534090909091,0.07854384997242139
123,Return to Never Land,2002,2000,Disney,Animation,0.2037957890796805,0.7594511808573627,0.12044400159413328,0.11325443221922515,0.3796281789348544,0.7225279728998961,0.2043956636781584,0.13375770923897745,0,9,10,4,0,0,5,2,0.28421052631578947,0.06889352818371608,0.25792811839323465,0.1318518518518519,0.31368631368631367,0.24431818181818182,0.6360200645914932
124,The Wild,2006,2000,Disney,Animation,0.23807797852276635,0.6851613469329396,0.11516509902409268,0.12232275640984568,0.4129907050235371,0.7411064507926385,0.26057545107093794,0.12791380691183651,1,5,10,4,0,1,6,2,0.3524122807017544,0.10855949895615868,0.3329809725158562,0.19111111111111112,0.4085914085914086,0.42684659090909094,0.07658706774793987
125,Atlantis-The Lost Empire,2001,2000,Disney,Animation,0.3268757849394607,0.5818360057539369,0.14874849345384197,0.1912202981013992,0.4757154128604784,0.8077605259072399,0.3997559144753445,0.19651566455527186,2,5,10,5,0,3,7,2,0.37521929824561406,0.14196242171189977,0.35940803382663844,0.2340740740740741,0.40559440559440557,0.4161931818181818,0.07216449415227871
126,Home on the Range,2004,2000,Disney,Animation,0.3275010238508066,0.6425082498838957,0.2740521444217553,0.35617821588221665,0.41438836510782384,0.7611814829941435,0.35121694462737096,0.2480035534097423,2,5,13,5,0,1,6,3,0.4043859649122807,0.16492693110647183,0.3097251585623678,0.11259259259259258,0.5974025974025974,0.37215909090909094,0.8999195679650694
127,Valiant,2005,2000,Disney,Animation,0.3011333669162201,0.5855403685725693,0.08435129937236496,0.12533670284642706,0.4559978838491715,0.7819790351815559,0.3383869621808649,0.1502857709166296,2,5,8,4,0,2,6,2,0.22894736842105262,0.14196242171189977,0.3911205073995771,0.18518518518518512,0.33666333666333664,0.27698863636363635,0.024915315920606924
128,Bolt,2008,2000,Disney,Animation,0.28056410151884026,0.6421697848302172,0.09441070192718226,0.09970834726749077,0.4334310837850448,0.7717915165993189,0.3337162443198756,0.16667372250686205,1,5,10,4,0,2,6,2,0.3300438596491228,0.11273486430062629,0.3699788583509513,0.1703703703703704,0.41358641358641357,0.3849431818181818,0.038970990695128625
129,The Incredibles,2004,2000,Disney,Animation,0.3424998153987868,0.5046960249980672,0.11408360748359725,0.13328216630237633,0.461870954057365,0.7844670449664012,0.4014407098303624,0.15282103125732638,2,6,10,4,0,2,7,2,0.3842105263157895,0.14822546972860118,0.36257928118393234,0.21185185185185196,0.4825174825174825,0.48295454545454547,0.030677489960877585
130,Piglets Big Movie,2003,2000,Disney,Animation,0.322135559328794,0.6346099929371087,0.16494366069301902,0.19740012269072613,0.42108534937197295,0.7679360887457409,0.3556412499611812,0.23215167657324506,2,5,10,5,0,1,6,3,0.24122807017543857,0.12526096033402923,0.43446088794925997,0.14370370370370378,0.36363636363636365,0.28267045454545453,0.16619981325863675
131,The Princess And The Frog,2009,2000,Disney,Animation,0.3564988267080378,0.5677615586837956,0.10864605259766348,0.14103421156733598,0.48707479698916,0.8167941575749554,0.36792721605440737,0.23054985696091096,2,5,10,4,0,3,6,3,0.3385964912280702,0.12734864300626303,0.4661733615221987,0.1274074074074074,0.5514485514485514,0.49573863636363635,0.034582580482213285
132,The Tigger Movie,2000,2000,Disney,Animation,0.3882776674897025,0.5068667155442625,0.26603561152715605,0.2949925272577573,0.4649738980085905,0.8006188300765291,0.4497604467680521,0.2376039019286308,3,6,13,5,0,2,7,3,0.3706140350877193,0.14196242171189977,0.3107822410147991,0.11259259259259258,0.5084915084915085,0.39204545454545453,1.0
133,Up,2009,2000,Disney,Animation,0.25584084487903913,0.6617274448194173,0.0995421845989577,0.10327033778515693,0.4134724094989507,0.7469046407731528,0.3238209694382877,0.14178748173570155,1,5,10,4,0,1,6,2,0.262719298245614,0.12317327766179531,0.3488372093023256,0.19407407407407407,0.25874125874125875,0.30184659090909094,0.09213250517598343
134,A Christmas Carol,2009,2000,Disney,Animation,0.30239918885721473,0.6078497195930495,0.05611752056895425,0.08520543604731813,0.4515686051699019,0.7867185478169798,0.34148882713828005,0.17304502843613442,2,5,8,4,0,2,6,2,0.1787280701754386,0.13778705636743216,0.42706131078224097,0.17629629629629628,0.26573426573426573,0.23295454545454547,0.05619573796369375
135,Tangled,2010,2010,Disney,Animation,0.3208708146215425,0.6073621294646063,0.04914474713255868,0.0696244789241608,0.4774965264961782,0.8101332633557745,0.36576184113163424,0.20616140540064185,2,5,8,4,0,3,6,3,0.2535087719298246,0.13569937369519824,0.41649048625792806,0.16296296296296298,0.33766233766233766,0.37144886363636365,0.13151927437641728
136,Winnie the Pooh,2011,2010,Disney,Animation,0.3511919444619094,0.5802233957828404,0.20900829878013286,0.2401246336253329,0.4348296537998889,0.7781015249495173,0.38592105367482177,0.2347385797935773,2,5,12,5,0,2,6,3,0.26228070175438595,0.13778705636743216,0.38372093023255816,0.1644444444444445,0.3996003996003996,0.34232954545454547,0.272433286430176
137,Inside Out,2015,2010,Disney,Animation,0.5437573923152996,0.39168507673341946,0.09165756719385254,0.19279789797533387,0.6452403502895774,0.8916033745788806,0.655102687261077,0.4241518219751077,4,6,10,5,4,5,8,6,0.40921052631578947,0.1524008350730689,0.7135306553911204,0.1718518518518518,0.8291708291708292,0.9502840909090909,0.034667445710390495
138,Toy Story 4,2019,2010,Disney,Animation,0.21147808885872754,0.7233698952638471,0.133108962086804,0.13144378386817634,0.3562875810490699,0.6914154737811571,0.23581831488990945,0.11594993021775125,0,5,10,4,0,-1,5,1,0.4881578947368421,0.08559498956158662,0.2801268498942917,0.1955555555555556,0.4485514485514486,0.4928977272727273,0.08539627710612166
139,The Good Dinosaur,2015,2010,Disney,Animation,0.1868682166406419,0.7627044397707752,0.09754876247401713,0.08396854119215391,0.3771516946631227,0.7014598892954761,0.1857814669839077,0.10695909387080517,0,9,10,4,0,-1,5,1,0.12982456140350876,0.08977035490605423,0.3245243128964059,0.17925925925925923,0.1038961038961039,0.1455965909090909,0.09942745426616394
140,Zootopia,2016,2010,Disney,Animation,0.3358160807021865,0.5458030271922132,0.16032079018788692,0.19570016996337247,0.4424097636564959,0.7799617812048248,0.4187804464591459,0.1808465084599878,2,5,10,5,0,2,7,2,0.4467105263157895,0.14822546972860118,0.37420718816067644,0.18814814814814818,0.6073926073926074,0.4950284090909091,0.18331206483533705
141,Ralph Breaks The Internet,2018,2010,Disney,Animation,0.29829509927311704,0.6172435385740861,0.15909266337465078,0.1819081366750297,0.4425759024694591,0.7804848580964929,0.3354273007506735,0.17410571615959256,1,5,10,4,0,2,6,2,0.5425438596491228,0.12734864300626303,0.35835095137420714,0.20740740740740737,0.6763236763236763,0.6399147727272727,0.0881559071886685
142,Frankenweenie,2012,2010,Disney,Animation,0.2803816578442577,0.6157551288783907,0.10377237290734732,0.08863302844540423,0.4430874311463404,0.7685170407456434,0.3067166869075778,0.13991382225813406,1,5,10,4,0,1,6,2,0.1618421052631579,0.14405010438413357,0.33720930232558133,0.22666666666666668,0.1758241758241758,0.18963068181818182,0.10919408020857295
143,Arjun The Warrior Prince,2012,2010,Disney,Animation,0.4124208634339421,0.5012782205026354,0.15398680499045234,0.2257483216938513,0.5772361541570628,0.8787916537457138,0.5140525816104025,0.2812874908752221,3,6,10,5,3,5,7,4,0.1706140350877193,0.1586638830897703,0.39217758985200846,0.24888888888888894,0.16083916083916083,0.1903409090909091,0.1432228805500695
144,Moana,2016,2010,Disney,Animation,0.34709824731120864,0.603374113993854,0.08287678984946167,0.15463169343038108,0.4898434829950871,0.8171460364906423,0.3719622506297637,0.24750324319426614,2,5,8,4,0,3,6,3,0.2982456140350877,0.10855949895615868,0.3847780126849894,0.1585185185185185,0.3086913086913087,0.3210227272727273,0.05455938697318008
145,Wreck it Ralph,2012,2010,Disney,Animation,0.27259100404138503,0.6426905473283161,0.0978181256865811,0.12134985922045395,0.4175671714484665,0.7553704143072597,0.29466189599959697,0.15027276386068586,1,5,10,4,0,1,6,2,0.431359649122807,0.11273486430062629,0.3731501057082452,0.16888888888888898,0.46053946053946054,0.4943181818181818,0.11263127840667946
146,Finding Dory,2016,2010,Disney,Animation,0.24623748103138904,0.6533130379369987,0.11521642443487524,0.085128667150559,0.3726442045635589,0.6988493696172567,0.28887562750631524,0.11490240826197473,1,5,10,4,0,-1,6,1,0.6390350877192983,0.10855949895615868,0.26849894291754756,0.16296296296296298,0.5364635364635365,0.6086647727272727,0.26711474647559863
147,Frozen 2,2019,2010,Disney,Animation,0.3455386963249137,0.6415173771588325,0.2819597302895589,0.3547470076773369,0.38614978425089097,0.7349280095136851,0.38142022356021865,0.28057687037243784,2,5,13,5,0,0,6,4,0.30372807017543857,0.1148225469728601,0.40803382663847776,0.1392592592592593,0.4935064935064935,0.36860795454545453,0.24518697874630083
148,Toy Story 3,2010,2010,Disney,Animation,0.2509411830689755,0.6526924725366294,0.10415688138568813,0.1417561573509114,0.4103881220265885,0.7332730453564527,0.2759229259713393,0.12125935547720665,1,5,10,4,0,0,6,1,0.39320175438596494,0.11273486430062629,0.3255813953488371,0.19259259259259254,0.4025974025974026,0.4481534090909091,0.05101619334226875
149,Monsters University,2013,2010,Disney,Animation,0.3022366910582248,0.5840810820220166,0.0896555964044573,0.10658396872625586,0.4610607930254744,0.7859641002571436,0.35249267356431857,0.15214261534702184,2,5,8,4,0,2,6,2,0.3445175438596491,0.14613778705636749,0.37949260042283295,0.19851851851851843,0.4745254745254745,0.3991477272727273,0.023814301959997324
150,Incredibles 2,2018,2010,Disney,Animation,0.3652583369445725,0.4840209690298361,0.11161056497524212,0.1304357258575115,0.4889042745635624,0.8124210766129604,0.4250242422527363,0.17503282900877312,2,6,10,4,0,3,7,2,0.4793859649122807,0.1607515657620041,0.34989429175475684,0.23555555555555552,0.6233766233766234,0.5447443181818182,0.059586576282534096
151,Frozen,2013,2010,Disney,Animation,0.25169201295442745,0.7028432984477742,0.2143509520005702,0.22693468156895946,0.33078879394454463,0.6978818563627598,0.29460856223569204,0.1697371875304881,1,5,12,5,0,-1,6,2,0.42653508771929827,0.09603340292275575,0.2906976744186046,0.18518518518518512,0.4805194805194805,0.4538352272727273,0.2749034749034749
152,Cars 2,2011,2010,Disney,Animation,0.3621699298996493,0.4853027121981262,0.1361708956436557,0.15645213139816685,0.4949642095641092,0.8155618238841369,0.414055449509248,0.16977221577058205,2,6,10,4,0,3,7,2,0.4394736842105263,0.16701461377870552,0.42177589852008446,0.1955555555555556,0.6193806193806194,0.5838068181818182,0.03238277163778596
153,Mars Needs Moms,2011,2010,Disney,Animation,0.233994016743246,0.6972168245990167,0.13614440419576498,0.1268218898662442,0.3952686675928137,0.7307333751291251,0.2720337040542675,0.13286664845482915,1,5,10,4,0,0,6,2,0.29539473684210527,0.09394572025052195,0.3266384778012685,0.16296296296296298,0.2987012987012987,0.3025568181818182,0.19661773315217992
154,Big Hero 6,2014,2010,Disney,Animation,0.33507409060723226,0.5067294235801079,0.1649518872864696,0.1578982280011526,0.4538588241729327,0.7722236917956394,0.4159183738539186,0.14366902774239518,2,6,10,4,0,2,7,2,0.29539473684210527,0.1565762004175365,0.3446088794926004,0.21333333333333337,0.37962037962037964,0.2975852272727273,0.08651180258695916
155,Coco,2017,2010,Disney,Animation,0.34090886089873995,0.5447009931476314,0.19322668466310175,0.20708578690455506,0.4068063265603885,0.7553947564940451,0.4251292866564872,0.1891572976228527,2,5,12,5,0,1,7,2,0.40328947368421053,0.12317327766179531,0.3752642706131078,0.16000000000000003,0.36063936063936064,0.38778409090909094,0.17576341060011355
156,Brave,2012,2010,Disney,Animation,0.23626614075939326,0.7204640874377328,0.17729148353877766,0.19754076880120172,0.3735580719790152,0.7265224157379979,0.3032245624675006,0.16042154405978834,1,5,12,5,0,0,6,2,0.25899122807017544,0.10647181628392477,0.3456659619450317,0.2029629629629629,0.27172827172827174,0.2471590909090909,0.137824235385211
157,Planes,2013,2010,Disney,Animation,0.2778497116311347,0.6433383051464463,0.13249368491584113,0.14805069147549565,0.4575966672849656,0.7884898481176769,0.3358271198279916,0.1633398921722029,1,5,10,4,0,2,6,2,0.2418859649122807,0.12734864300626303,0.41649048625792806,0.1718518518518518,0.3356643356643357,0.28053977272727276,0.05683950025944996
158,Cars 3,2017,2010,Disney,Animation,0.27473888386317336,0.6478438040005527,0.1340385676607423,0.15854907077554234,0.4270915296275206,0.7656111932630016,0.28906011198477505,0.1581435856207213,1,5,10,4,0,1,6,2,0.5078947368421053,0.12734864300626303,0.38054968287526425,0.15703703703703709,0.5614385614385614,0.546875,0.10333953476098115
159,Planes Fire and Rescue,2014,2010,Disney,Animation,0.32449270220273924,0.5490263563154287,0.13494373107015278,0.1845015496618605,0.4721212112474787,0.7966013561837098,0.3678064391059529,0.1593249492543439,2,5,10,4,0,2,6,2,0.3333333333333333,0.14613778705636749,0.3657505285412262,0.22370370370370363,0.4225774225774226,0.33522727272727276,0.05966676525682737
160,Make Mine Music,1946,1940,Disney,Animation,0.28416229595224,0.6343525496444249,0.09098097518460603,0.09036159093081496,0.4142493102462613,0.75733502293001,0.3601300417383627,0.16811716438727325,1,5,10,4,0,1,6,2,0.29583333333333334,0.11273486430062629,0.40274841437632136,0.16148148148148145,0.35764235764235763,0.40980113636363635,0.0157075570557155
161,The Adventures of Ichabod and Mr Toad,1949,1940,Disney,Animation,0.5165665963206166,0.32291224239745553,0.12587928739894727,0.24714409491981915,0.6192738489215993,0.9070147099367536,0.6335540095753971,0.3120562657933735,4,6,10,5,3,6,8,4,0.13114035087719297,0.20459290187891443,0.595137420718816,0.15407407407407403,0.3176823176823177,0.20099431818181818,0.02464008859357697
162,Dumbo,1941,1940,Disney,Animation,0.269169239754347,0.627924503762193,0.10948362196412033,0.09795998594296518,0.4248335482384025,0.7501315112399375,0.3163785652189789,0.13287115241399164,1,5,10,4,0,1,6,2,0.19232456140350876,0.12943632567849683,0.33086680761099363,0.17481481481481487,0.24975024975024976,0.21164772727272727,0.11687267116429477
163,Bambi,1942,1940,Disney,Animation,0.2840956107886193,0.6021457887688859,0.035182246776505936,0.08759130460915954,0.4477697280058234,0.7682164005917703,0.2340616965418589,0.12818484076034625,1,5,8,4,0,1,5,2,0.08991228070175439,0.14405010438413357,0.3086680761099365,0.2577777777777778,0.12187812187812187,0.09659090909090909,0.0791111111111111
164,Pinocchio,1940,1940,Disney,Animation,0.2634777663693605,0.6812321115197815,0.2909439827962388,0.3269936933223888,0.33257859839881665,0.6992597798159881,0.3309560830232173,0.17312063347735154,1,5,13,5,0,-1,6,2,0.30372807017543857,0.14405010438413357,0.3202959830866807,0.2148148148148148,0.4485514485514486,0.30965909090909094,0.0459725585149314
165,Winnie the Pooh,1977,1970,Disney,Animation,0.34347500210451953,0.5758815170168354,0.13356187617526205,0.15689815837091325,0.4806162775438991,0.8126059580948433,0.37057312390657415,0.2161814070230373,2,5,10,4,0,3,6,3,0.30723684210526314,0.13569937369519824,0.41120507399577166,0.1777777777777778,0.4355644355644356,0.4240056818181818,0.05305909531261644
166,The Rescuers,1977,1970,Disney,Animation,0.2902720184702488,0.6055401742840072,0.10816371843995463,0.13783300841793522,0.4574600291382309,0.7829877229088167,0.3401643014036315,0.15030430330839434,1,5,10,4,0,2,6,2,0.18903508771929825,0.13987473903966596,0.313953488372093,0.24296296296296305,0.26873126873126874,0.23224431818181818,0.2314925970388155
167,The AristoCats,1970,1970,Disney,Animation,0.3665709918248116,0.4824829227102896,0.10959735183859044,0.15725818424595372,0.4938476750004686,0.8163142770475801,0.4198804213621892,0.17528332433890986,2,6,10,4,0,3,7,2,0.26096491228070173,0.1586638830897703,0.37103594080338265,0.21333333333333337,0.3856143856143856,0.33451704545454547,0.04414682539682539
168,Robin Hood,1973,1970,Disney,Animation,0.3166705402330687,0.5673030949956162,0.14483494654649753,0.2160233381977632,0.465954473081206,0.7933787356699692,0.3435121570749796,0.1604214633798193,2,5,10,5,0,2,6,2,0.26403508771929823,0.14196242171189977,0.37420718816067644,0.1777777777777778,0.4045954045954046,0.3224431818181818,0.17030985500846396
169,A Goofy Movie,1995,1990,Disney,Animation,0.6440045524229934,0.0,1.0,1.0,0.5016393139627182,0.8274973345468941,0.6699122823520354,0.23917569985323045,5,8,14,9,0,3,8,3,0.34824561403508775,0.21711899791231726,0.2526427061310782,0.19111111111111112,0.5424575424575424,0.04332386363636364,0.23236279016970315
170,Mulan,1998,1990,Disney,Animation,0.3668503450250029,0.6033661147141031,0.17289900833670846,0.2595084182406322,0.4703050617178116,0.7966768616876737,0.4128161163740275,0.28515096598938694,2,5,10,5,0,2,7,4,0.21995614035087718,0.20041753653444672,0.40803382663847776,0.19259259259259254,0.34965034965034963,0.21946022727272727,0.10339970083794421
171,DuckTales The Movie - Treasure of the Lost Lamp,1990,1990,Disney,Animation,0.29014233645809034,0.6090757126823365,0.13902524793652693,0.15630818946239633,0.44462203537700223,0.7749015641270864,0.3104072885326753,0.15065262226183349,1,5,10,4,0,2,6,2,0.20877192982456141,0.13361169102296455,0.38054968287526425,0.1777777777777778,0.2917082917082917,0.2585227272727273,0.05965329189897328
172,Beauty and the Beast,1991,1990,Disney,Animation,0.3270111375145009,0.6769327404901689,0.30734897545638673,0.41215545790273533,0.35500276381338924,0.7117576533908235,0.3566465030039082,0.2790657701250102,2,5,13,6,0,0,6,4,0.3543859649122807,0.10438413361169097,0.3636363636363636,0.1318518518518519,0.5084915084915085,0.4140625,0.21861218109752698
173,The Lion King,1994,1990,Disney,Animation,0.3073952186742817,0.5887788631121769,0.10962936032911064,0.13262512056777542,0.4313384079020622,0.7692175203478799,0.3832948244235945,0.16818439861356616,2,5,10,4,0,2,6,2,0.33026315789473687,0.11273486430062629,0.35835095137420714,0.15555555555555545,0.37162837162837165,0.38423295454545453,0.07435254803675856
174,Tarzan,1999,1990,Disney,Animation,0.2850044273062513,0.6294264026077578,0.07632199147950093,0.07322396043461255,0.4382393937050452,0.7740268861334987,0.35131516420015485,0.16420722350789713,1,5,8,4,0,2,6,2,0.20460526315789473,0.1189979123173277,0.35623678646934454,0.197037037037037,0.21178821178821178,0.26207386363636365,0.027618737296156652
175,Aladdin,1992,1990,Disney,Animation,0.29107408689749725,0.6717435858340974,0.2984349371121833,0.3649628189963985,0.3425026074992096,0.7107968187747596,0.3287871116865718,0.21095725400329451,1,5,13,6,0,0,6,3,0.39320175438596494,0.11273486430062629,0.34989429175475684,0.15555555555555545,0.5734265734265734,0.421875,0.13804381727908013
176,Pocahontas,1995,1990,Disney,Animation,0.26135694711517005,0.7385560395621766,0.32388640314076944,0.3805754871016052,0.3070644611470227,0.6844116787888259,0.29337470246817565,0.21853049076616488,1,5,13,6,0,-1,6,3,0.3592105263157895,0.1148225469728601,0.35623678646934454,0.10222222222222221,0.5654345654345654,0.37215909090909094,0.17331716637272193
177,The Nightmare Before Christmas,1993,1990,Disney,Animation,0.4574009172420012,0.4681580318542866,0.0808895072528969,0.2310945135745145,0.6142957244003249,0.8950780154509536,0.5358493237264526,0.3300845390301056,3,6,8,5,3,5,8,4,0.28618421052631576,0.08141962421711901,0.36892177589852004,0.10370370370370374,0.36663336663336665,0.3224431818181818,0.8668601012687035
178,The Rescuers Down Under,1990,1990,Disney,Animation,0.2842788215107385,0.6171683917661883,0.09079425888486904,0.11346673644964178,0.4401144189022777,0.7704188504236525,0.3063056271862835,0.14775891816743314,1,5,10,4,0,2,6,2,0.1986842105263158,0.12108559498956162,0.37103594080338265,0.18814814814814818,0.2837162837162837,0.26420454545454547,0.06808185121438134
179,The Hunchback of Notre Dame,1996,1990,Disney,Animation,0.36747873630597017,0.5349235860689636,0.08963463676649364,0.14678068934252242,0.5055819692374096,0.8309650643662039,0.439029455104627,0.22675476059971014,2,5,8,4,0,3,7,3,0.2914473684210526,0.14613778705636749,0.40486257928118385,0.19407407407407407,0.4045954045954046,0.38707386363636365,0.02787565578263253
180,A Bug's Life,1998,1990,Disney,Animation,0.25917385118676217,0.6571605899682327,0.07813893578881748,0.1063562993241336,0.4144406387977973,0.7484379169169226,0.3000089316969431,0.14120889706063658,1,5,8,4,0,1,6,2,0.3907894736842105,0.1148225469728601,0.35835095137420714,0.17925925925925923,0.4515484515484515,0.4865056818181818,0.04226020892687559
181,Toy Story,1995,1990,Disney,Animation,0.2680594606205824,0.6335299047665046,0.11853112684254785,0.15131366331104099,0.4218821473299995,0.7500872839529878,0.30275520008811363,0.13493399463318725,1,5,10,4,0,1,6,2,0.3572368421052632,0.1169102296450939,0.3245243128964059,0.18814814814814818,0.37462537462537465,0.37073863636363635,0.05917061414443613
182,Toy Story 2,1999,1990,Disney,Animation,0.27298566247384576,0.6251154176116192,0.10123538719177903,0.14267903465365073,0.4196151265766622,0.7488350516705591,0.3085071079044316,0.13608660754087212,1,5,10,4,0,1,6,2,0.37521929824561406,0.10855949895615868,0.33720930232558133,0.1777777777777778,0.4275724275724276,0.3771306818181818,0.06275173404545975
183,Hercules,1997,1990,Disney,Animation,0.2883589586211276,0.6578879807043903,0.2152051963318531,0.2741230860700325,0.3948332745647572,0.7485847439939365,0.3493755104991713,0.195636054610818,1,5,12,5,0,1,6,2,0.3817982456140351,0.10855949895615868,0.3763213530655391,0.1511111111111112,0.5314685314685315,0.4325284090909091,0.20060163151370144
184,Snow White and the Seven Dwarfs,1937,1930,Disney,Animation,0.23719728746919955,0.7196911706074052,0.05750931314365715,0.1113715737285429,0.4239232982934667,0.7639366353598382,0.2231577062030461,0.15523773566052987,1,5,8,4,0,1,5,2,0.19912280701754387,0.09394572025052195,0.3234672304439746,0.16296296296296298,0.25274725274725274,0.2137784090909091,0.05662117886566784
185,Chicken Run,2000,2000,Aardman,Animation,0.26757869341746177,0.6318146754726084,0.0655145842070487,0.07375741450531326,0.4412028947018614,0.7627777000660891,0.30419641632941385,0.13267929196152853,1,5,8,4,0,1,6,2,0.2050438596491228,0.13569937369519824,0.34672304439746293,0.20000000000000007,0.23676323676323677,0.24431818181818182,0.0275648470770422
186,Wallace And Gromit In The Curse Of The Were-Rabbit,2005,2000,Aardman,Animation,0.3970901296659533,0.4560615046327912,0.21275877574338,0.2721629653748662,0.4963201288942917,0.8233961709808083,0.4532575422120657,0.2066178772217076,3,6,12,5,0,3,7,3,0.08223684210526316,0.2379958246346554,0.39957716701902746,0.24592592592592588,0.1758241758241758,0.11576704545454546,0.06076122205154464
187,Flushed Away,2006,2000,Aardman,Animation,0.383968173763961,0.5436628713440848,0.09076284787455537,0.16174091648321842,0.5274515004329536,0.8437201330561134,0.4417821873397312,0.2629262468910404,2,5,10,4,2,4,7,3,0.5094298245614035,0.12734864300626303,0.5634249471458773,0.09037037037037043,0.8891108891108891,1.0,0.0070254376097724615
188,Arthur Christmas,2011,2010,Aardman,Animation,0.2683068993038161,0.6450489449278782,0.14604228265503205,0.18490322511117566,0.4831280546425243,0.8013544758960314,0.30989489148935495,0.14645759642479078,1,5,10,4,0,2,6,2,0.3918859649122807,0.13778705636743216,0.32135306553911197,0.24296296296296305,0.4005994005994006,0.3963068181818182,0.15353781363371133
189,Early Man,2018,2010,Aardman,Animation,0.24456045240000676,0.6557730810773221,0.12414095496503907,0.15723970860662773,0.4145661724631982,0.7291740789023643,0.2970348109984099,0.11497774174920986,1,5,10,4,0,0,6,1,0.2344298245614035,0.14196242171189977,0.28646934460887946,0.22666666666666668,0.24075924075924077,0.2272727272727273,0.1413917306928523
190,The Pirates In An Adventure With Scientists,2012,2010,Aardman,Animation,0.34363865677300154,0.5382783052880931,0.1477678885715199,0.16081672415399104,0.4805730312375254,0.8095311141814685,0.3699974266079936,0.18213179905560986,2,5,10,4,0,3,6,2,0.3412280701754386,0.1503131524008351,0.34038054968287523,0.25037037037037035,0.4145854145854146,0.4090909090909091,0.15105402225693842
191,Shaun the Sheep Movie,2015,2010,Aardman,Animation,0.4726911831572795,0.5699623597782586,0.11307997578022755,0.3347845450108716,0.6289577627184877,0.8623364481639781,0.4427507032197897,0.4370815206712412,4,5,10,5,4,4,7,6,0.04692982456140351,0.10229645093945716,0.3181818181818182,0.047407407407407454,0.04795204795204795,0.046875,0.26023391812865493
192,A Shaun the Sheep Movie Farmageddon,2019,2010,Aardman,Animation,0.0,1.0,0.9313791733622332,0.9186437922853536,0.0,0.0,0.0,0.0,-2,9,14,9,0,-22,4,0,0.030263157894736846,0.0,0.0,0.4044444444444445,0.0,0.0007102272727272727,0.09913673071567808
193,Surf's Up,2007,2000,Sony,Animation,0.22889455979941045,0.7216758881589942,0.0926165848452093,0.0865035791162948,0.4035997545616934,0.7442213205266149,0.2858984357286646,0.14762770031124658,1,5,10,4,0,1,6,2,0.4024122807017544,0.08768267223382042,0.36152219873150104,0.15555555555555545,0.42657342657342656,0.5149147727272727,0.06458049886621314
194,Open Season,2006,2000,Sony,Animation,0.2127506420275609,0.7276615578167434,0.10706582222673144,0.11969301945093813,0.3966141503078068,0.7260596361468806,0.231561473661258,0.12171923026336268,1,5,10,4,0,0,5,1,0.31337719298245614,0.10020876826722336,0.3002114164904862,0.1718518518518518,0.3036963036963037,0.31960227272727276,0.21948441434945706
195,Cloudy With A Chance Of Meatballs,2009,2000,Sony,Animation,0.3177713542611508,0.5591952394508999,0.15219989065748085,0.1550123391832572,0.494702244845909,0.8123735015371959,0.3894095369109527,0.15940210667474494,2,5,10,4,0,3,6,2,0.27456140350877195,0.1586638830897703,0.37737843551797035,0.24444444444444446,0.32367632367632365,0.3046875,0.09684668701062142
196,Cloudy with a Chance of Meatballs 2,2013,2010,Sony,Animation,0.2836632990642586,0.6099166828990401,0.1631681477729926,0.16641775006595905,0.4978535856661404,0.8090196479512978,0.35673016806529245,0.1446757244041859,1,5,10,4,0,3,6,2,0.34100877192982454,0.1607515657620041,0.328752642706131,0.2607407407407407,0.3546453546453546,0.3338068181818182,0.1030539875524678
197,Smurfs The Lost Village,2017,2010,Sony,Animation,0.26498426008790843,0.6499411163374997,0.1405128203992011,0.16097345474725633,0.4309657597015985,0.7623245714196888,0.30224053873561,0.14464514238461915,1,5,10,4,0,1,6,2,0.38026315789473686,0.12526096033402923,0.33826638477801263,0.19851851851851843,0.4355644355644356,0.40625,0.14250905040378722
198,The Pirates-Band of Misfits,2012,2010,Sony,Animation,0.3603952492840423,0.4924529686830697,0.1391199478315608,0.16906267468366232,0.5008725246793778,0.8210755117556656,0.3841073423960082,0.17013167991471265,2,6,10,4,0,3,6,2,0.2578947368421053,0.17118997912317335,0.41120507399577166,0.24,0.3886113886113886,0.37073863636363635,0.01785400837533539
199,The Smurfs,2011,2010,Sony,Animation,0.2865588391293839,0.5975555889119555,0.11683833033743853,0.12212322045035486,0.4346939717989263,0.7585664469333845,0.31817745588193946,0.13476673706944609,1,5,10,4,0,1,6,2,0.47324561403508775,0.13987473903966596,0.3456659619450317,0.20148148148148148,0.6243756243756243,0.5404829545454546,0.15836298932384338
200,The Emoji Movie,2017,2010,Sony,Animation,0.2692906667073461,0.6427150455008817,0.11362807400074347,0.11397054072022915,0.4141959986101367,0.7503119451221102,0.3202727809292444,0.14689724438981022,1,5,10,4,0,1,6,2,0.318859649122807,0.10855949895615868,0.3763213530655391,0.1703703703703704,0.37662337662337664,0.45667613636363635,0.0768566493955095
201,Hotel Transylvania 2,2015,2010,Sony,Animation,0.28284997881417784,0.6070459016953555,0.12763656947210678,0.15083032569635713,0.4217608569663515,0.7505529749154389,0.2993893681595617,0.13553395615263206,1,5,10,4,0,1,6,2,0.3717105263157895,0.1189979123173277,0.3192389006342494,0.19111111111111112,0.42657342657342656,0.45951704545454547,0.11713129696322971
202,Arthur Christmas,2011,2010,Sony,Animation,0.2683068993038161,0.6450489449278782,0.14604228265503205,0.18490322511117566,0.4831280546425243,0.8013544758960314,0.30989489148935495,0.14645759642479078,1,5,10,4,0,2,6,2,0.3918859649122807,0.13778705636743216,0.32135306553911197,0.24296296296296305,0.4005994005994006,0.3963068181818182,0.15353781363371133
203,Angry Birds 2,2019,2010,Sony,Animation,0.283377156568835,0.6095854429088057,0.11028674314680864,0.13972030774297084,0.4215976069419157,0.7523564499291546,0.3007257461695609,0.1388519096731532,1,5,10,4,0,1,6,2,0.4043859649122807,0.12317327766179531,0.34038054968287523,0.16148148148148145,0.4155844155844156,0.41903409090909094,0.16654355640912002
204,Peter Rabbit,2018,2010,Sony,Animation,0.29911097615036264,0.6166130736064028,0.13838138226533925,0.1493686640900025,0.4147629817277344,0.7601709060654223,0.361283302091468,0.1773481420540244,2,5,10,4,0,1,6,2,0.41885964912280704,0.12317327766179531,0.3572938689217759,0.19111111111111112,0.5064935064935064,0.5269886363636364,0.13844444444444445
205,The Star,2017,2010,Sony,Animation,0.24500690846370066,0.6866303983821282,0.06046367555037958,0.06998075835111263,0.4025239127865968,0.7411781670247521,0.2765506276011317,0.14219978073109762,1,5,8,4,0,1,6,2,0.3432017543859649,0.10020876826722336,0.3636363636363636,0.1451851851851852,0.3876123876123876,0.41903409090909094,0.06828753656548218
206,SpiderMan Into the Spider-Verse,2018,2010,Sony,Animation,0.296773600927977,0.6648198394781635,0.2856010855637853,0.31312271440135875,0.34880965910556044,0.7154204514463224,0.3619398985646464,0.21739110846889345,1,5,13,5,0,0,6,3,0.5548245614035088,0.09812108559498955,0.3446088794926004,0.12296296296296294,0.7042957042957043,0.6001420454545455,0.17685690052102265
207,Goosebumps Haunted Halloween,2018,2010,Sony,Animation,0.28011294884541976,0.6137530076916184,0.14219682449690474,0.1599542055768891,0.4004333603943717,0.7357386971399349,0.3103747154491474,0.13794758782146505,1,5,10,4,0,1,6,2,0.3513157894736842,0.12108559498956162,0.313953488372093,0.20592592592592596,0.3516483516483516,0.3771306818181818,0.08683252654883859
208,Hotel Transylvania 3 Summer Vacation,2018,2010,Sony,Animation,0.31652635086670866,0.5575908219124535,0.12041406368400888,0.12411090257215808,0.4377313395628545,0.768780216553992,0.3872429417601192,0.1556108431068013,2,5,10,4,0,1,6,2,0.25109649122807015,0.13361169102296455,0.36892177589852004,0.1955555555555556,0.3086913086913087,0.3366477272727273,0.059482038429406844
209,The Smurfs 2,2013,2010,Sony,Animation,0.22419063066746373,0.7280936015122808,0.0741504188005665,0.0627658555083368,0.36440649880405657,0.7143491908877909,0.29501007322961625,0.14626302067343488,1,5,8,4,0,0,6,2,0.18859649122807018,0.0772442588726513,0.3509513742071881,0.1392592592592593,0.2137862137862138,0.23650568181818182,0.08327485380116958
210,Hotel Transylvania,2012,2010,Sony,Animation,0.2736337403646292,0.6328619128513777,0.12025446025264475,0.1036200806267008,0.4125120925069386,0.7482445711102734,0.31495157256361417,0.14479830273685435,1,5,10,4,0,1,6,2,0.3506578947368421,0.12317327766179531,0.42706131078224097,0.06370370370370382,0.3916083916083916,0.44176136363636365,0.07025853562265641
211,Goosebumps,2015,2010,Sony,Animation,0.2314083719604156,0.6895588323735344,0.11173709073236317,0.10695094158187146,0.3965183802558661,0.7235049197792156,0.2810341344297649,0.12222080293928303,1,5,10,4,0,0,6,1,0.42412280701754385,0.10020876826722336,0.29492600422832976,0.1718518518518518,0.4075924075924076,0.4545454545454546,0.2428947863730473
