,Title,Year,Decade,House,Category,Flesch_Kincaid_score,flesch_score,dale_chall_score,spache_score,ari_score,coleman_liau_score,smog_score,linsear_write_score,Flesch_Kincaid_gl,flesch_gl,dale_chall_gl,spache_gl,ari_gl,coleman_liau_gl,smog_gl,linsear_write_gl
0,Ice Age Dawn of the Dinosaurs,2009,2000,Blue,Animation,0.2609417407688148,0.645334224215043,0.1058938953137406,0.13439461696611277,0.42189261162657804,0.7492681689785766,0.2793099248382569,0.13173636325703433,1,5,10,4,0,1,6,2
1,Horton Hears a Who,2008,2000,Blue,Animation,0.30750720487472943,0.5766288905348804,0.18954066353603627,0.1862051063046536,0.42505057947464775,0.7603868488842568,0.36618898720774906,0.1555900610658977,2,5,12,5,0,1,6,2
2,Ice Age 2-The Meltdown,2006,2000,Blue,Animation,0.266583430000588,0.6455330214574504,0.0891332791978473,0.09691567248976485,0.4266458956463901,0.7584676128610616,0.2853955628387852,0.14194622785252398,1,5,8,4,0,1,6,2
3,Ice Age,2002,2000,Blue,Animation,0.24264268431897038,0.6880927980134617,0.09590350213693333,0.11262329204762744,0.4060442930783349,0.7423720001420865,0.25656232386682243,0.1380072240560829,1,5,10,4,0,1,6,2
4,Epic,2013,2010,Blue,Animation,0.2619008876215912,0.6773837680658055,0.079020898700781,0.09575372528928305,0.4217540722895099,0.7633393130933255,0.29919014428351587,0.16418352631529237,1,5,8,4,0,1,6,2
5,Ferdinand,2017,2010,Blue,Animation,0.22132348295217996,0.7157067643235155,0.08987394939960469,0.10693479634099479,0.38569304806948485,0.7206339524585673,0.26279251644455215,0.12757759641509664,1,5,10,4,0,0,6,2
6,Ice Age 3 Continental Drift,2012,2010,Blue,Animation,0.2607321443458974,0.6531538076699857,0.17715436514892113,0.2115704413751509,0.3768719660492205,0.7201826776482695,0.30266824808294757,0.14041650650058132,1,5,12,5,0,0,6,2
7,Ice Age Collision Course,2016,2010,Blue,Animation,0.31115875861557996,0.5805079906335577,0.16947097785763632,0.1958709414273515,0.41690069001075497,0.7581807334736527,0.3573320043454131,0.16444115960374633,2,5,10,5,0,1,6,2
8,Robots,2005,2010,Blue,Animation,0.2604981806200144,0.6724165832217084,0.08525566352399572,0.10212898967902273,0.43130101865940557,0.7681171953443509,0.29071586173442154,0.15658432770017078,1,5,8,4,0,1,6,2
9,Rio 2,2014,2010,Blue,Animation,0.2980264199935539,0.5841867248089652,0.10767533169218235,0.11894874922064158,0.42879612420608726,0.7585882416710775,0.34350804035717253,0.14427105411894975,1,5,10,4,0,1,6,2
10,Spies in Disguise,2019,2010,Blue,Animation,0.2929722422755053,0.5869092013664048,0.13805296098610087,0.1406237700442866,0.4348262403480757,0.7594077472910725,0.337794662077637,0.13767409274568293,1,5,10,4,0,1,6,2
11,Rio,2011,2010,Blue,Animation,0.25153082188216624,0.6786389763188616,0.08081407727455969,0.08659760552296081,0.40512127561135747,0.7449160588224115,0.2860478649504663,0.14670793423468856,1,5,8,4,0,1,6,2
12,The Peanuts Movie,2015,2010,Blue,Animation,0.30309836456032346,0.6098108348391311,0.09931347094416865,0.10196191758136375,0.4580321900025511,0.792192379195374,0.32233935604887964,0.17427898599903763,2,5,10,4,0,2,6,2
13,The Land Before Time IX-Journey to Big Water,2002,2000,Universal,Animation,0.3076514357190204,0.6257495485006794,0.15824081167074744,0.15991574029698885,0.40863920860284586,0.7590450918424727,0.34912954007284214,0.19895720216755025,2,5,10,4,0,1,6,3
14,The Land Before Time XII-The Great Day Of The Flyers,2006,2000,Universal,Animation,0.26015022102559804,0.7009755771363868,0.0470690314092419,0.037012011278244716,0.410748041547287,0.7592893096404206,0.25112686986481836,0.17896219892900833,1,5,8,4,0,1,6,2
15,The Land Before Time XI,2005,2000,Universal,Animation,0.27130063489952405,0.7031758762232556,0.2379662287213571,0.26137847761234645,0.371234208967715,0.7319175042472494,0.3046218981902099,0.20404552607123722,1,5,12,5,0,0,6,3
16,Balto III Wings of Change,2004,2000,Universal,Animation,0.2077262531430129,0.7357242883568871,0.12717858850546582,0.10720566438296275,0.3485523126455176,0.6897468208244338,0.228124133824828,0.12033346986235964,0,5,10,4,0,-1,5,1
17,The Land Before Time X-The Great Longneck Migration,2003,2000,Universal,Animation,0.24798377222107892,0.717218996968525,0.04505562120571571,0.03724281018087061,0.42743860078747775,0.7706115904005182,0.3085226923358626,0.17773480357909383,1,5,8,4,0,2,6,2
18,The Land Before Time XIII -The Wisdom of Friends,2007,2000,Universal,Animation,0.23993063758013972,0.7289051161657674,0.015391248500700283,0.013017097895452467,0.4083082612964932,0.7559087917960633,0.2283941830390397,0.16861140351761386,1,5,8,4,0,1,5,2
19,Curious George 2 Follow That Monkey,2009,2000,Universal,Animation,0.35923729246895875,0.48045783114384166,0.12132609233155633,0.11844802089704998,0.4832116347366264,0.8031977930024743,0.4236643943448698,0.1614501329858255,2,6,10,4,0,3,7,2
20,The Land Before Time VII-The Stone of Cold Fire,2000,2000,Universal,Animation,0.3149090725106942,0.6197287635644324,0.041836000588347244,0.028614375315764273,0.46260995311656655,0.799206661089703,0.3689290120260441,0.2076589384359414,2,5,8,4,0,2,6,3
21,Balto II Wolf Quest,2002,2000,Universal,Animation,0.27349257291156687,0.6790438909664536,0.06626693519585114,0.06396177178577034,0.4128808244972487,0.7612248901602845,0.2635134941384656,0.18246443490140332,1,5,8,4,0,1,6,2
22,Van Helsing The London Assignment,2004,2000,Universal,Animation,0.3504087762177759,0.5278291467225045,0.1290665466747557,0.15882728500682053,0.48248648714406717,0.8113142927539307,0.4368139063106352,0.19116298216616634,2,5,10,4,0,3,7,2
23,The Chronicles Of Riddick-Dark Fury,2004,2000,Universal,Animation,0.37689740391002857,0.4797391327508782,0.09728054472064784,0.1357644987095845,0.5285578430625515,0.8454551606795382,0.4658696513977556,0.1955355720579892,2,6,10,4,2,4,7,2
24,The Land Before Time VIII-The Big Freeze,2001,2000,Universal,Animation,0.277710305453401,0.6796336083866836,0.07485942947144741,0.08759782131332294,0.4618396178912876,0.7981406536792067,0.3552564070223442,0.1980007929511543,1,5,8,4,0,2,6,3
25,Curious George 3 Back to the Jungle,2015,2010,Universal,Animation,0.325268440846178,0.5842980278929537,0.088183005239035,0.12073770815445362,0.48214080283543637,0.8124389285820002,0.39844194587150195,0.1959021357391174,2,5,8,4,0,3,7,2
26,The Land Before Time XIV-Journey Of The Brave,2016,2010,Universal,Animation,0.24999506310826294,0.6936592346815891,0.03681814064614031,0.03624575391718576,0.43629936323038326,0.7723640967893086,0.2614246520333149,0.1558800218943036,1,5,8,4,0,2,6,2
27,The Little Engine That Could,2010,2010,Universal,Animation,0.23416384073766786,0.6978562604997878,0.06643248464379858,0.06749810071927154,0.40790296129121456,0.7405890758349096,0.25426900075146874,0.13239348358673028,1,5,8,4,0,1,6,2
28,Curious George Royal Monkey,2019,2010,Universal,Animation,0.32431715638155445,0.6336884979682949,0.3172362677460294,0.3792237614741454,0.3632758606030483,0.7250723164693118,0.40601236060111445,0.24010740414331647,2,5,13,6,0,0,7,3
29,The Land Before Time IV-Journey Through the Mists,1996,1990,Universal,Animation,0.2460767778497886,0.6819300792265137,0.07492934294705311,0.07507511392673116,0.4197132466429805,0.7525524808584856,0.29110436230327486,0.14089210565393442,1,5,8,4,0,1,6,2
30,The Land Before Time V-The Mysterious Island,1997,1990,Universal,Animation,0.25636329453585316,0.7058628334276484,0.12050930776657853,0.12157223162826414,0.39633403355896174,0.7483587832275144,0.2862965684078901,0.17971245009850362,1,5,10,4,0,1,6,2
31,The Land Before Time VI-The Secret of Saurus Rock,1998,1990,Universal,Animation,0.2522589987989395,0.6706427265512032,0.068964520503081,0.06642204655555195,0.4170396828300286,0.7506736136827031,0.27694648265474275,0.13992765640666635,1,5,8,4,0,1,6,2
32,The Land Before Time II-The Great Valley Adventure,1994,1990,Universal,Animation,0.2255988109359808,0.6956416092588049,0.12627161069930137,0.11277714719052157,0.38748358690671597,0.7131945492739766,0.24030361568334968,0.11487987250522957,1,5,10,4,0,0,5,1
33,The Land Before Time III-The Time of The Great Giving,1995,1990,Universal,Animation,0.2601158232209889,0.6687138109831925,0.06748834322210473,0.0766206230019203,0.4345621925147794,0.7689874938833597,0.2803462227276511,0.15172826074117476,1,5,8,4,0,2,6,2
34,The Grinch,2018,2010,Illumination,Animation,0.2552053615404527,0.6730905730538783,0.07620341940397346,0.08483550294680686,0.43131219760739603,0.7647525625792736,0.2792600808291439,0.14732479518046548,1,5,8,4,0,1,6,2
35,Despicable Me 2,2013,2010,Illumination,Animation,0.5574187900574901,0.33164696971842167,0.10631941639723286,0.19532248552293574,0.6525869680206253,0.9088124206677521,0.6632332520576896,0.3938641710893352,4,6,10,5,4,6,8,5
36,Hop,2011,2010,Illumination,Animation,0.26083338196535916,0.6569147815944825,0.11023766363960208,0.09751883690466123,0.3968886040208269,0.7368655053658076,0.3122210445196525,0.14483013591874522,1,5,10,4,0,1,6,2
37,The Secret Life of Pets 2,2019,2010,Illumination,Animation,0.23238693906839805,0.7158921872336586,0.227461623645154,0.24052301394444742,0.32868967704232604,0.689286010407921,0.23553301035163787,0.14448294029093212,1,5,12,5,0,-1,5,2
38,Despicable Me 3,2017,2010,Illumination,Animation,0.2355316803770735,0.678437145185609,0.12522360042541703,0.10816346206303629,0.37453122682144213,0.704636367634091,0.2865920826110163,0.11950512521573971,1,5,10,4,0,0,6,1
39,The Secret Life of Pets,2016,2010,Illumination,Animation,0.2171537470514771,0.7262720379063548,0.09322315570428152,0.09191152946929293,0.3807033415643599,0.7187039076779812,0.22499062313536733,0.1274541383269941,1,5,10,4,0,0,5,2
40,Despicable Me,2010,2010,Illumination,Animation,0.26993365510870754,0.6395389661872461,0.0868759615666439,0.07004933895165022,0.403898701900003,0.7418052845619062,0.3123584144919277,0.1443999203878378,1,5,8,4,0,1,6,2
41,Minions,2015,2010,Illumination,Animation,0.31736648910776527,0.5243752501617807,0.15031645024795104,0.18012777932118718,0.444223776434895,0.7542501279992311,0.3241376141764071,0.12071223601543928,2,5,10,4,0,1,6,1
42,Sing,2016,2010,Illumination,Animation,0.2974351066726798,0.6473743276460286,0.09824919171922408,0.1403297383974056,0.4437404600376016,0.7850847576083105,0.32274187619553163,0.1989683810491632,1,5,10,4,0,2,6,3
43,The Lorax,2012,2010,Illumination,Animation,0.2654155419802233,0.6746566134772163,0.07210709155968176,0.07686693638783293,0.4202732286307403,0.763216714603003,0.34020826836825435,0.17125203991687002,1,5,8,4,0,1,6,2
44,The Road to El Dorado,2000,2000,Dreamworks,Animation,0.2592823379232189,0.7182632491905663,0.31707919067827506,0.383164830220204,0.3110371651903673,0.6872645572624759,0.33803964898284444,0.20041821144025118,1,5,13,6,0,-1,6,3
45,Over the Hedge,2006,2000,Dreamworks,Animation,0.23222233178853888,0.6956064969648135,0.10014744495649841,0.09054654965695252,0.3927863928507438,0.7259448053766734,0.26882327401973705,0.12815440916614046,1,5,10,4,0,0,6,2
46,Shanghai Knights,2003,2000,Dreamworks,Animation,0.2910531567320449,0.6084899273066524,0.1452356814022837,0.14875970219013235,0.44143492374781296,0.772990958649495,0.3412465135084677,0.15441403288074315,1,5,10,4,0,2,6,2
47,Monsters Vs Aliens,2009,2000,Dreamworks,Animation,0.3513493220123587,0.5112469018705008,0.1305920462721325,0.15259990149125957,0.47623291600097034,0.8034683947202703,0.42427045085338133,0.17623405734369932,2,6,10,4,0,3,7,2
48,Madagascar,2005,2000,Dreamworks,Animation,0.23541425907265112,0.6825146049762858,0.10020404418131357,0.0993221787934877,0.3910220881115412,0.7197416841208654,0.24304904049645826,0.11971432495417841,1,5,10,4,0,0,5,1
49,Chicken Run,2000,2000,Dreamworks,Animation,0.25564527908936413,0.6644666005308655,0.09320832774022914,0.10833699828690557,0.42462758702049697,0.7563205472119617,0.2907697611586634,0.14113481731539124,1,5,10,4,0,1,6,2
50,Wallace And Gromit In The Curse Of The Were-Rabbit,2005,2000,Dreamworks,Animation,0.39709012966595325,0.45606150463279116,0.21275877574337998,0.2721629653748662,0.49632012889429167,0.8233961709808083,0.4532575422120657,0.2066178772217076,3,6,12,5,0,3,7,3
51,Shark Tale,2004,2000,Dreamworks,Animation,0.2473154237129606,0.6735752598231963,0.13001687276632123,0.14248619606080082,0.3938585390292801,0.7303085660242786,0.27740231625571055,0.13427393425891782,1,5,10,4,0,0,6,2
52,Shrek 2,2004,2000,Dreamworks,Animation,0.30268348709211,0.6095778901760358,0.08458504465729777,0.1274411071321998,0.4522848938816864,0.7877450597579838,0.3240442404259275,0.1735162217983457,2,5,8,4,0,2,6,2
53,Sinbad Legend of the Seven Seas,2003,2000,Dreamworks,Animation,0.2678601539512858,0.6530401588761943,0.0636069876474884,0.08533840906101631,0.42672284688909745,0.7627244468752156,0.3197127184623243,0.15383791708733263,1,5,8,4,0,1,6,2
54,Flushed Away,2006,2000,Dreamworks,Animation,0.383968173763961,0.5436628713440848,0.09076284787455535,0.16174091648321842,0.5274515004329536,0.8437201330561134,0.4417821873397312,0.2629262468910404,2,5,10,4,2,4,7,3
55,The Boss Baby,2017,2010,Dreamworks,Animation,0.2770259889304595,0.610119580344767,0.09169012637498342,0.10069021178821913,0.4092227807514537,0.7365463844023545,0.2944920972660655,0.12807728752614944,1,5,10,4,0,1,6,2
56,Mr Peabody Sherman,2014,2010,Dreamworks,Animation,0.3599873025256007,0.4945765535213624,0.16895980490740692,0.1776811593608807,0.4658291964212834,0.7956254038005474,0.4305860878418789,0.1763574338433947,2,6,10,4,0,2,7,2
57,Kung Fu Panda 2,2011,2010,Dreamworks,Animation,0.2545362558053075,0.6958360258515026,0.09222565456357124,0.06378584763181494,0.3955620561002431,0.7452354014819466,0.27000124090612143,0.1661985903858547,1,5,10,4,0,1,6,2
58,Kung Fu Panda 3,2016,2010,Dreamworks,Animation,0.26777910162323404,0.6405243398804448,0.10453071616609333,0.08135199172178376,0.4070481253830874,0.7426557073256987,0.26973610104801393,0.1381707195430615,1,5,10,4,0,1,6,2
59,Puss in Boots 3D,2011,2010,Dreamworks,Animation,0.2563093465673857,0.6779161996764831,0.05348996329158451,0.04889343412802949,0.41216443927609564,0.7532404183173655,0.28791350990971465,0.154282966074783,1,5,8,4,0,1,6,2
60,Rise of the Guardians,2012,2010,Dreamworks,Animation,0.21285734436962028,0.7292194536845278,0.05384488175167135,0.06779278420487556,0.3798464951988868,0.7148901755920456,0.24330294570346978,0.12414118771374419,1,5,8,4,0,0,5,1
61,The Croods,2013,2010,Dreamworks,Animation,0.18007917950957483,0.7835583669024735,0.02205438139802951,0.0,0.35012239407189505,0.6883499286355942,0.2264940263509314,0.11705081510056371,0,9,8,3,0,-1,5,1
62,Penguins Of Madagascar,2014,2010,Dreamworks,Animation,0.3601241122908648,0.4639138399648166,0.18387137418787014,0.2074187540615542,0.4959378051139219,0.8054000238909313,0.39576891737537534,0.14486931805814227,2,6,12,5,0,3,7,2
63,Trolls,2016,2010,Dreamworks,Animation,0.3044816062344742,0.6120348705619332,0.08219706863404097,0.0929569604384386,0.4642234195136155,0.7976720763157936,0.32325556728645066,0.1787268476176588,2,5,8,4,0,2,6,2
64,Turbo,2013,2010,Dreamworks,Animation,0.27971361425406627,0.6355737609851793,0.07761039471480102,0.10774093549241825,0.43119505657707125,0.7676460059016394,0.30969467013154794,0.1570998978663077,1,5,8,4,0,1,6,2
65,Home,2015,2010,Dreamworks,Animation,0.2974217408461647,0.585210790359076,0.12603654739387615,0.05143334556575363,0.4057419695892909,0.741543676209785,0.35329684038822207,0.14510420057729898,1,5,10,4,0,1,6,2
66,Megamind 3D,2010,2010,Dreamworks,Animation,0.31921633389180154,0.5718874844335575,0.1008351433459117,0.1276112556218585,0.45302465842016965,0.7866262685975263,0.3645080517716497,0.17091049805775968,2,5,10,4,0,2,6,2
67,Madagascar 2 Escape 2 Africa,2008,2010,Dreamworks,Animation,0.2671042065462752,0.6441678151855155,0.09295103543139871,0.10280191517843607,0.4209842920384085,0.7541040825851497,0.32547839665027234,0.14498439709969527,1,5,10,4,0,1,6,2
68,How to Train Your Dragon,2010,2010,Dreamworks,Animation,0.24147844668849838,0.6832826002230461,0.08111671609464055,0.06315886793360226,0.4257580841425113,0.7531846762250852,0.2644073550026709,0.13224273851942994,1,5,8,4,0,1,6,2
69,Madagascar 3 Europe's Most Wanted,2012,2010,Dreamworks,Animation,0.30327984479722314,0.5705236983614359,0.10873413392558628,0.1013831401566897,0.4230359802681293,0.7522741798231986,0.3472100889078681,0.14105209030243163,2,5,10,4,0,1,6,2
70,Antz,1998,1990,Dreamworks,Animation,0.3171036290893453,0.564775847842772,0.1118665202050112,0.12151270691842297,0.42875529933512685,0.7653651197683818,0.38678264780756255,0.16308806242097726,2,5,10,4,0,1,6,2
71,The Prince of Egypt,1998,1990,Dreamworks,Animation,0.3593140317519391,0.5801976708910708,0.07452202019000731,0.10766726988653608,0.5089253958272668,0.8312725624767605,0.39629100214274315,0.24952812173112782,2,5,8,4,0,3,7,3
72,My Neighbor Totoro,1988,1980,StudioGhibli,Animation,0.8213137203038958,0.27965402765225433,0.12670000826004768,0.49324567922562224,0.8939505203503939,0.8968915476006388,0.7414644252138887,0.8764260082951989,8,7,10,6,8,5,9,12
73,Grave of the Fireflies,1988,1980,StudioGhibli,Animation,0.2888864218861429,0.6066912152050672,0.08624030878094002,0.12901879050908305,0.4400544293711441,0.7695301565461682,0.34263846834549005,0.14923896548806437,1,5,8,4,0,2,6,2
74,Kikis Delivery Service,1989,1980,StudioGhibli,Animation,0.2915277449769054,0.6061918634255954,0.03677753132406758,0.04740595113763946,0.4225012850747681,0.7584687301672612,0.33119796988042816,0.1522020807037737,1,5,8,4,0,1,6,2
75,Castle In The Sky,1986,1980,StudioGhibli,Animation,0.27105846565434877,0.6219349947435635,0.10580265421537582,0.1203571777649114,0.4171978512794415,0.7429141633423063,0.3038404815678236,0.12953150809568842,1,5,10,4,0,1,6,2
76,The Cat Returns,2002,2000,StudioGhibli,Animation,0.26600178772442507,0.6274689829835478,0.07849586059423652,0.1024911210169469,0.4120706753015658,0.7365052058565066,0.3170642424553175,0.1271581057892346,1,5,8,4,0,1,6,2
77,Spirited Away,2001,2000,StudioGhibli,Animation,0.2354412133342084,0.6949987410907492,0.06087815546047126,0.09337971239610865,0.41067410093628826,0.7423568766781843,0.2711031735387498,0.13322109822926875,1,5,8,4,0,1,6,2
78,Ponyo,2008,2000,StudioGhibli,Animation,0.22542913055472066,0.6986033345493374,0.09397213422595041,0.09120708796069732,0.38329706749726,0.7122060134568808,0.21319383114825308,0.11545816990278367,1,5,10,4,0,0,5,1
79,Howls Moving Castle,2004,2000,StudioGhibli,Animation,0.2838183801003553,0.6143280440066294,0.05496727766837339,0.10664567009155046,0.4536222844548087,0.7787226349408892,0.3244589157262763,0.1459715361296755,1,5,8,4,0,2,6,2
80,Tales From Earthsea,2006,2000,StudioGhibli,Animation,0.2650901673912145,0.6396093245841832,0.0639115494125998,0.09304238220111671,0.4380683867263134,0.7623463645927502,0.29581918221129744,0.13487256699799618,1,5,8,4,0,1,6,2
81,The Wind Rises,2013,2010,StudioGhibli,Animation,0.35004567625105887,0.4778073892065575,0.07968480940460598,0.09015968012651909,0.48704980659531744,0.7959921456350687,0.4038040990567727,0.14133101199993972,2,6,8,4,0,2,7,2
82,The Tale of The Princess Kaguya,2013,2010,StudioGhibli,Animation,0.38673064796827616,0.4809914976506602,0.06292189372808032,0.08373279656023946,0.5200819925873719,0.8413244913956522,0.44825514889139073,0.21123088411915186,3,6,8,4,2,4,7,3
83,From Up on Poppy Hill,2011,2010,StudioGhibli,Animation,0.5157472781354693,0.37887360546032123,0.10844832890622425,0.23277491743994772,0.6237095402945465,0.8967687410449849,0.6211824455649599,0.35974913689373594,4,6,10,5,3,5,8,5
84,When Marnie Was There,2014,2010,StudioGhibli,Animation,0.2857300979647873,0.6144190647566208,0.09686783960234502,0.09678840370229536,0.41650614999486246,0.7529917429828927,0.314685949384249,0.14842862550386332,1,5,10,4,0,1,6,2
85,Porco Rosso,1992,1990,StudioGhibli,Animation,0.27240252658422887,0.6269234484494328,0.060934287293801015,0.10745547051278692,0.4361046895183419,0.7614013563160263,0.297753378553022,0.13584082345765336,1,5,8,4,0,1,6,2
86,Only Yesterday,1991,1990,StudioGhibli,Animation,0.3187014776590351,0.577211918594744,0.08246753446089461,0.10326418665320669,0.4676252483581241,0.7984676341851658,0.3734757582607521,0.17577769002552895,2,5,8,4,0,2,6,2
87,My Neighbors the Yamadas,1999,1990,StudioGhibli,Animation,0.3280237699251161,0.5457496737322591,0.10277724990310955,0.15592919712638065,0.46734434775558686,0.7942406969916678,0.4107574841060667,0.16674434069336938,2,5,10,4,0,2,7,2
88,Whisper of the Heart,1995,1990,StudioGhibli,Animation,0.2514133102750069,0.6664021865596226,0.06263912492559642,0.06100572533177395,0.40446404125539664,0.738368170808159,0.3150857190346441,0.1377904724494986,1,5,8,4,0,1,6,2
89,Pom Poko,1994,1990,StudioGhibli,Animation,0.5430083833077928,0.2590620606562879,0.12565996780074995,0.1693702469712809,0.648942559113993,0.9316236029811709,0.6354313683426394,0.2988880019362472,4,7,10,4,4,6,8,4
90,Princess Mononoke,1997,1990,StudioGhibli,Animation,0.29800843006387745,0.6187580142853428,0.016959387202477028,0.06206419866613877,0.4626837631759834,0.7955171879482995,0.34483882284942946,0.17587112312133954,1,5,8,4,0,2,6,2
91,The Ocean Waves,1993,1990,StudioGhibli,Animation,0.3472809158048895,0.5255237369660866,0.1759845808604371,0.17443244086730103,0.4743577490935392,0.8037382041528429,0.4262985216406878,0.18258865800157448,2,5,12,4,0,3,7,2
92,The SpongeBob Movie Sponge Out of Water,2015,2010,Paramount,Animation,0.33859234727176757,0.5288366314893538,0.1271365628428338,0.1479215922340743,0.47575395382591373,0.8013285793801104,0.38070790886302097,0.1660640187186474,2,5,10,4,0,2,6,2
93,Monster Trucks,2016,2010,Paramount,Animation,0.2441778718426224,0.6929360413960786,0.05419706111519629,0.06576110882659592,0.42021868454125183,0.7563176752244725,0.3214397526132684,0.15029009235335097,1,5,8,4,0,1,6,2
94,Sherlock Gnomes,2018,2010,Paramount,Animation,0.3079006701790298,0.5920361199239759,0.13749820741257857,0.14506203936943618,0.44851334291154626,0.7830736991522076,0.35332892772664326,0.16905273322603234,2,5,10,4,0,2,6,2
95,Wonder Park,2019,2010,Paramount,Animation,0.30763651635286665,0.579671557497194,0.074887365389943,0.07566437113049773,0.4607939942462047,0.7880132662705124,0.3666020561248201,0.15862226753667658,2,5,8,4,0,2,6,2
96,The Fox And The Hound,1981,1980,Disney,Animation,0.25118200954686576,0.7333161472402465,0.3177882959850826,0.21628483117635722,0.27626887406321277,0.66163555994497,0.27470202919555153,0.19504695119110663,1,5,13,5,0,-2,6,2
97,The Little Mermaid,1989,1980,Disney,Animation,0.3438682785524872,0.6321887737712384,0.3333138988534047,0.40736556448721306,0.3729072825833376,0.7275326586916353,0.39085670088686,0.27021717303081777,2,5,13,6,0,0,7,4
98,Oliver and Company,1988,1980,Disney,Animation,0.27571442085440373,0.6276888135038541,0.12965841951974477,0.15244726914146212,0.4201995132909233,0.7532859205399528,0.31533159598998517,0.14363639339044973,1,5,10,4,0,1,6,2
99,The Great Mouse Detective,1986,1980,Disney,Animation,0.37260184020558185,0.47032785459610915,0.16512662907168862,0.18206886109904108,0.4840386038173429,0.8088165520525977,0.4393665636552828,0.17659019191051586,2,6,10,4,0,3,7,2
100,The Black Cauldrion,1985,1980,Disney,Animation,0.24220957660541584,0.6753102243970792,0.06166232277092121,0.06433455324323278,0.4108828335212649,0.7381470067464777,0.23945067569746903,0.12438821669892675,1,5,8,4,0,1,5,1
101,The Sword in the Stone,1963,1960,Disney,Animation,0.30380405117212017,0.6054445104189266,0.08709102902655386,0.11617734075306263,0.4510827847412432,0.786406544435785,0.388477812957309,0.17782905704153804,2,5,8,4,0,2,6,2
102,One Hundred and One Dalmatians,1961,1960,Disney,Animation,0.2917517926347555,0.5939587511934215,0.12237072456155307,0.16777470173599152,0.45259018537511625,0.7751594816808831,0.3009159480665593,0.1387924048947986,1,5,10,4,0,2,6,2
103,The Jungle Book,1967,1960,Disney,Animation,0.2883650503265554,0.6483706245318039,0.09498377300822258,0.13805700084807726,0.44335584334191475,0.7832943066911531,0.3286862850392007,0.1850650330621964,1,5,10,4,0,2,6,2
104,Alice in Wonderland,1951,1950,Disney,Animation,0.3053555045358516,0.6390823760056912,0.16550010550002825,0.19852833521768265,0.40110054912912213,0.7539124021954055,0.33723678279091984,0.2061169410564298,2,5,10,5,0,1,6,3
105,Lady and the Tramp,1955,1950,Disney,Animation,0.2959117854339163,0.6067802057875298,0.10786070736816833,0.15450994991024025,0.4420525655375711,0.7760736445424724,0.3350827161942682,0.16050713562290214,1,5,10,4,0,2,6,2
106,Sleeping Beauty,1959,1950,Disney,Animation,0.31743724249916483,0.5969222243296746,0.07404555848958572,0.13940486028721788,0.4792451623805888,0.8100784520610331,0.3603732122362998,0.1903139149558884,2,5,8,4,0,3,6,2
107,Cinderella,1950,1950,Disney,Animation,0.3458301008092223,0.5123305315799107,0.08850491764345436,0.10185233493803003,0.47036183492690453,0.7963388979566903,0.42358546169662414,0.16780988747265274,2,6,8,4,0,2,7,2
108,Peter Pan,1953,1950,Disney,Animation,0.262602486408128,0.6542917958115937,0.14322913984909302,0.1648766047204907,0.4117285416788362,0.7481113303837922,0.23677036963136988,0.13954015555225602,1,5,10,4,0,1,5,2
109,Treasure Planet,2002,2000,Disney,Animation,0.72214057873727,0.20766391109152238,0.12368737239139882,0.314744472230028,0.792811073265342,0.9415280434181024,0.801658640531624,0.5841811671791072,6,7,10,5,6,7,9,8
110,Dinosaur,2000,2000,Disney,Animation,0.2298511722568759,0.7031762274951796,0.046863632252769016,0.06508112582982084,0.4018338412050081,0.7345624047934232,0.2621712865090796,0.13053581337097936,1,5,8,4,0,0,6,2
111,Chicken Little,2005,2000,Disney,Animation,0.28250324149739253,0.6303422414736191,0.0864187915994159,0.09611300094494812,0.4367632274996194,0.7717324417063802,0.3026132576359907,0.15644884443804788,1,5,8,4,0,2,6,2
112,Ratatouille,2007,2000,Disney,Animation,0.3234639670942837,0.5654715444388541,0.09573138419258831,0.09468876791287384,0.4494210852639681,0.7843474562609337,0.4096436292408503,0.17688469854528993,2,5,10,4,0,2,7,2
113,Recess Schools Out,2001,2000,Disney,Animation,0.38875269038148796,0.48659311669295136,0.1387087917620622,0.19421412001643212,0.521214386789964,0.8425051883038172,0.46271700737126353,0.22145818354117228,3,6,10,5,2,4,7,3
114,Cars,2006,2000,Disney,Animation,0.2678667191665832,0.6535940241078322,0.12320927353694977,0.14905326063296986,0.4280573247917574,0.7639209048114739,0.3109431354611081,0.15359061728922543,1,5,10,4,0,1,6,2
115,The Jungle Book 2,2003,2000,Disney,Animation,0.26942643746121475,0.6470599143833917,0.11959901513581084,0.1307461588150144,0.42312589270687273,0.7588668471200627,0.2701429316929146,0.14694472380474338,1,5,10,4,0,1,6,2
116,Lilo And Stitch,2002,2000,Disney,Animation,0.3188589841647572,0.5506309625292207,0.10353489902083213,0.09753990679756541,0.4381645954861814,0.7679437438812986,0.3676838463746174,0.151245705819184,2,5,10,4,0,1,6,2
117,Monsters Inc,2001,2000,Disney,Animation,0.25735270865369947,0.6723247381756225,0.16242082040063988,0.1812628841559003,0.391510257858105,0.7366842507144202,0.3110371522644524,0.15288420837488428,1,5,10,4,0,1,6,2
118,Meet the Robinsons,2007,2000,Disney,Animation,0.33287177752900804,0.5689712824842479,0.10357036592612501,0.12663500005158346,0.46420970662331756,0.7990794967775988,0.39123327260265006,0.19404264636075336,2,5,10,4,0,2,7,2
119,The Emperors New Groove,2000,2000,Disney,Animation,0.24591152789854476,0.6913340266475725,0.09908911671790877,0.09815994179312293,0.4024142423031066,0.7438528474815718,0.2676106780206212,0.14732316992380617,1,5,10,4,0,1,6,2
120,Finding Nemo,2003,2000,Disney,Animation,0.21124435745037737,0.7158906121381308,0.10432292729538428,0.10530950515038073,0.3699862683411052,0.6947504421726336,0.2215122230971155,0.10776465102841112,0,5,10,4,0,-1,5,1
121,WALL-E,2008,2000,Disney,Animation,0.3296021596537071,0.5081355385186095,0.13181070359949876,0.19626794330063158,0.46002751884727733,0.7709321293031486,0.34112608562775826,0.12815182979786316,2,6,10,5,0,2,6,2
122,Brother Bear,2003,2000,Disney,Animation,0.2644048631800744,0.6719247413576461,0.06861908949478235,0.08166794938021005,0.41167085438659706,0.7556853988713923,0.26799161683871375,0.16094559296324354,1,5,8,4,0,1,6,2
123,Return to Never Land,2002,2000,Disney,Animation,0.2037957890796805,0.7594511808573627,0.12044400159413327,0.11325443221922515,0.37962817893485434,0.7225279728998961,0.20439566367815842,0.13375770923897745,0,9,10,4,0,0,5,2
124,The Wild,2006,2000,Disney,Animation,0.23807797852276635,0.6851613469329396,0.11516509902409267,0.12232275640984569,0.41299070502353713,0.7411064507926385,0.26057545107093794,0.12791380691183651,1,5,10,4,0,1,6,2
125,Atlantis-The Lost Empire,2001,2000,Disney,Animation,0.3268757849394607,0.5818360057539369,0.148748493453842,0.19122029810139918,0.47571541286047836,0.8077605259072399,0.39975591447534453,0.19651566455527186,2,5,10,5,0,3,7,2
126,Home on the Range,2004,2000,Disney,Animation,0.3275010238508066,0.6425082498838957,0.2740521444217553,0.35617821588221665,0.41438836510782384,0.7611814829941435,0.35121694462737096,0.2480035534097423,2,5,13,5,0,1,6,3
127,Valiant,2005,2000,Disney,Animation,0.30113336691622006,0.5855403685725693,0.08435129937236496,0.12533670284642706,0.4559978838491715,0.7819790351815559,0.33838696218086495,0.1502857709166296,2,5,8,4,0,2,6,2
128,Bolt,2008,2000,Disney,Animation,0.28056410151884026,0.6421697848302172,0.09441070192718226,0.09970834726749078,0.43343108378504475,0.7717915165993189,0.33371624431987557,0.16667372250686205,1,5,10,4,0,2,6,2
129,The Incredibles,2004,2000,Disney,Animation,0.3424998153987868,0.5046960249980672,0.11408360748359725,0.13328216630237633,0.46187095405736495,0.7844670449664012,0.4014407098303624,0.15282103125732638,2,6,10,4,0,2,7,2
130,Piglets Big Movie,2003,2000,Disney,Animation,0.322135559328794,0.6346099929371087,0.16494366069301902,0.19740012269072615,0.42108534937197295,0.767936088745741,0.3556412499611812,0.23215167657324504,2,5,10,5,0,1,6,3
131,The Princess And The Frog,2009,2000,Disney,Animation,0.3564988267080378,0.5677615586837956,0.10864605259766347,0.14103421156733598,0.48707479698915995,0.8167941575749554,0.36792721605440737,0.23054985696091096,2,5,10,4,0,3,6,3
132,The Tigger Movie,2000,2000,Disney,Animation,0.3882776674897025,0.5068667155442625,0.26603561152715605,0.29499252725775726,0.4649738980085905,0.8006188300765291,0.44976044676805205,0.2376039019286308,3,6,13,5,0,2,7,3
133,Up,2009,2000,Disney,Animation,0.25584084487903913,0.6617274448194173,0.0995421845989577,0.10327033778515693,0.4134724094989507,0.7469046407731528,0.32382096943828775,0.14178748173570155,1,5,10,4,0,1,6,2
134,A Christmas Carol,2009,2000,Disney,Animation,0.30239918885721473,0.6078497195930495,0.05611752056895425,0.08520543604731812,0.45156860516990194,0.7867185478169798,0.34148882713828,0.17304502843613442,2,5,8,4,0,2,6,2
135,Tangled,2010,2010,Disney,Animation,0.3208708146215425,0.6073621294646063,0.049144747132558675,0.0696244789241608,0.47749652649617824,0.8101332633557745,0.36576184113163424,0.20616140540064182,2,5,8,4,0,3,6,3
136,Winnie the Pooh,2011,2010,Disney,Animation,0.3511919444619094,0.5802233957828404,0.20900829878013283,0.24012463362533287,0.4348296537998889,0.7781015249495173,0.38592105367482177,0.2347385797935773,2,5,12,5,0,2,6,3
137,Inside Out,2015,2010,Disney,Animation,0.5437573923152996,0.39168507673341946,0.09165756719385254,0.19279789797533387,0.6452403502895774,0.8916033745788806,0.655102687261077,0.42415182197510765,4,6,10,5,4,5,8,6
138,Toy Story 4,2019,2010,Disney,Animation,0.21147808885872754,0.723369895263847,0.133108962086804,0.13144378386817634,0.3562875810490699,0.6914154737811571,0.23581831488990945,0.11594993021775124,0,5,10,4,0,-1,5,1
139,The Good Dinosaur,2015,2010,Disney,Animation,0.1868682166406419,0.7627044397707752,0.09754876247401711,0.08396854119215391,0.3771516946631227,0.701459889295476,0.18578146698390774,0.10695909387080517,0,9,10,4,0,-1,5,1
140,Zootopia,2016,2010,Disney,Animation,0.3358160807021865,0.5458030271922132,0.16032079018788692,0.19570016996337247,0.4424097636564959,0.7799617812048248,0.4187804464591459,0.1808465084599878,2,5,10,5,0,2,7,2
141,Ralph Breaks The Internet,2018,2010,Disney,Animation,0.29829509927311704,0.617243538574086,0.15909266337465078,0.1819081366750297,0.4425759024694591,0.780484858096493,0.3354273007506735,0.17410571615959256,1,5,10,4,0,2,6,2
142,Frankenweenie,2012,2010,Disney,Animation,0.2803816578442577,0.6157551288783907,0.10377237290734731,0.08863302844540422,0.44308743114634036,0.7685170407456434,0.3067166869075778,0.13991382225813404,1,5,10,4,0,1,6,2
143,Arjun The Warrior Prince,2012,2010,Disney,Animation,0.412420863433942,0.5012782205026354,0.15398680499045236,0.22574832169385128,0.5772361541570628,0.8787916537457138,0.5140525816104025,0.2812874908752221,3,6,10,5,3,5,7,4
144,Moana,2016,2010,Disney,Animation,0.34709824731120864,0.603374113993854,0.08287678984946167,0.15463169343038108,0.48984348299508707,0.8171460364906423,0.37196225062976374,0.24750324319426617,2,5,8,4,0,3,6,3
145,Wreck it Ralph,2012,2010,Disney,Animation,0.27259100404138503,0.642690547328316,0.0978181256865811,0.12134985922045394,0.4175671714484665,0.7553704143072597,0.294661895999597,0.15027276386068586,1,5,10,4,0,1,6,2
146,Finding Dory,2016,2010,Disney,Animation,0.24623748103138904,0.6533130379369987,0.11521642443487523,0.085128667150559,0.37264420456355885,0.6988493696172567,0.28887562750631524,0.11490240826197472,1,5,10,4,0,-1,6,1
147,Frozen 2,2019,2010,Disney,Animation,0.34553869632491374,0.6415173771588325,0.2819597302895589,0.3547470076773369,0.386149784250891,0.7349280095136851,0.38142022356021865,0.28057687037243784,2,5,13,5,0,0,6,4
148,Toy Story 3,2010,2010,Disney,Animation,0.2509411830689755,0.6526924725366294,0.10415688138568813,0.1417561573509114,0.41038812202658853,0.7332730453564527,0.2759229259713393,0.12125935547720663,1,5,10,4,0,0,6,1
149,Monsters University,2013,2010,Disney,Animation,0.3022366910582248,0.5840810820220166,0.0896555964044573,0.10658396872625586,0.46106079302547437,0.7859641002571436,0.35249267356431857,0.15214261534702186,2,5,8,4,0,2,6,2
150,Incredibles 2,2018,2010,Disney,Animation,0.36525833694457244,0.48402096902983605,0.11161056497524213,0.1304357258575115,0.48890427456356234,0.8124210766129604,0.4250242422527363,0.17503282900877312,2,6,10,4,0,3,7,2
151,Frozen,2013,2010,Disney,Animation,0.25169201295442745,0.7028432984477742,0.2143509520005702,0.22693468156895946,0.33078879394454463,0.6978818563627598,0.294608562235692,0.1697371875304881,1,5,12,5,0,-1,6,2
152,Cars 2,2011,2010,Disney,Animation,0.36216992989964925,0.48530271219812615,0.1361708956436557,0.15645213139816683,0.4949642095641092,0.8155618238841369,0.414055449509248,0.16977221577058205,2,6,10,4,0,3,7,2
153,Mars Needs Moms,2011,2010,Disney,Animation,0.23399401674324596,0.6972168245990167,0.136144404195765,0.1268218898662442,0.39526866759281365,0.7307333751291251,0.2720337040542675,0.13286664845482915,1,5,10,4,0,0,6,2
154,Big Hero 6,2014,2010,Disney,Animation,0.33507409060723226,0.5067294235801079,0.1649518872864696,0.1578982280011526,0.4538588241729327,0.7722236917956394,0.4159183738539186,0.14366902774239518,2,6,10,4,0,2,7,2
155,Coco,2017,2010,Disney,Animation,0.34090886089873995,0.5447009931476314,0.19322668466310178,0.20708578690455504,0.4068063265603885,0.755394756494045,0.4251292866564872,0.1891572976228527,2,5,12,5,0,1,7,2
156,Brave,2012,2010,Disney,Animation,0.23626614075939323,0.7204640874377328,0.17729148353877766,0.19754076880120175,0.37355807197901514,0.7265224157379979,0.3032245624675006,0.16042154405978837,1,5,12,5,0,0,6,2
157,Planes,2013,2010,Disney,Animation,0.2778497116311347,0.6433383051464463,0.13249368491584113,0.14805069147549565,0.4575966672849656,0.7884898481176769,0.3358271198279916,0.1633398921722029,1,5,10,4,0,2,6,2
158,Cars 3,2017,2010,Disney,Animation,0.27473888386317336,0.6478438040005527,0.1340385676607423,0.15854907077554237,0.4270915296275206,0.7656111932630016,0.289060111984775,0.1581435856207213,1,5,10,4,0,1,6,2
159,Planes Fire and Rescue,2014,2010,Disney,Animation,0.32449270220273924,0.5490263563154287,0.13494373107015278,0.1845015496618605,0.4721212112474787,0.7966013561837098,0.3678064391059529,0.1593249492543439,2,5,10,4,0,2,6,2
160,Make Mine Music,1946,1940,Disney,Animation,0.28416229595223996,0.6343525496444249,0.09098097518460602,0.09036159093081497,0.4142493102462613,0.75733502293001,0.3601300417383627,0.16811716438727323,1,5,10,4,0,1,6,2
161,The Adventures of Ichabod and Mr Toad,1949,1940,Disney,Animation,0.5165665963206166,0.32291224239745553,0.12587928739894727,0.24714409491981915,0.6192738489215993,0.9070147099367535,0.6335540095753971,0.3120562657933735,4,6,10,5,3,6,8,4
162,Dumbo,1941,1940,Disney,Animation,0.269169239754347,0.627924503762193,0.10948362196412031,0.09795998594296518,0.4248335482384025,0.7501315112399375,0.3163785652189789,0.13287115241399164,1,5,10,4,0,1,6,2
163,Bambi,1942,1940,Disney,Animation,0.28409561078861933,0.6021457887688859,0.03518224677650594,0.08759130460915954,0.4477697280058234,0.7682164005917703,0.23406169654185893,0.12818484076034625,1,5,8,4,0,1,5,2
164,Pinocchio,1940,1940,Disney,Animation,0.2634777663693605,0.6812321115197815,0.2909439827962388,0.3269936933223888,0.33257859839881665,0.6992597798159881,0.33095608302321733,0.17312063347735157,1,5,13,5,0,-1,6,2
165,Winnie the Pooh,1977,1970,Disney,Animation,0.34347500210451953,0.5758815170168354,0.13356187617526205,0.15689815837091325,0.4806162775438991,0.8126059580948433,0.37057312390657415,0.2161814070230373,2,5,10,4,0,3,6,3
166,The Rescuers,1977,1970,Disney,Animation,0.2902720184702488,0.6055401742840072,0.10816371843995465,0.13783300841793522,0.45746002913823086,0.7829877229088167,0.3401643014036315,0.15030430330839434,1,5,10,4,0,2,6,2
167,The AristoCats,1970,1970,Disney,Animation,0.36657099182481157,0.4824829227102896,0.10959735183859043,0.15725818424595372,0.49384767500046856,0.8163142770475801,0.41988042136218917,0.17528332433890983,2,6,10,4,0,3,7,2
168,Robin Hood,1973,1970,Disney,Animation,0.3166705402330687,0.5673030949956162,0.14483494654649753,0.2160233381977632,0.46595447308120597,0.7933787356699692,0.3435121570749796,0.1604214633798193,2,5,10,5,0,2,6,2
169,A Goofy Movie,1995,1990,Disney,Animation,0.6440045524229934,0.0,1.0,0.9999999999999999,0.5016393139627182,0.8274973345468941,0.6699122823520354,0.23917569985323045,5,8,14,9,0,3,8,3
170,Mulan,1998,1990,Disney,Animation,0.3668503450250029,0.603366114714103,0.17289900833670846,0.2595084182406322,0.47030506171781156,0.7966768616876737,0.4128161163740275,0.285150965989387,2,5,10,5,0,2,7,4
171,DuckTales The Movie - Treasure of the Lost Lamp,1990,1990,Disney,Animation,0.29014233645809034,0.6090757126823365,0.13902524793652693,0.15630818946239633,0.44462203537700223,0.7749015641270864,0.3104072885326753,0.15065262226183349,1,5,10,4,0,2,6,2
172,Beauty and the Beast,1991,1990,Disney,Animation,0.32701113751450095,0.676932740490169,0.30734897545638673,0.41215545790273544,0.35500276381338924,0.7117576533908235,0.3566465030039082,0.2790657701250102,2,5,13,6,0,0,6,4
173,The Lion King,1994,1990,Disney,Animation,0.30739521867428166,0.5887788631121769,0.10962936032911064,0.13262512056777542,0.4313384079020622,0.76921752034788,0.38329482442359464,0.16818439861356616,2,5,10,4,0,2,6,2
174,Tarzan,1999,1990,Disney,Animation,0.2850044273062513,0.6294264026077578,0.07632199147950092,0.07322396043461255,0.43823939370504517,0.7740268861334987,0.35131516420015485,0.16420722350789713,1,5,8,4,0,2,6,2
175,Aladdin,1992,1990,Disney,Animation,0.29107408689749725,0.6717435858340974,0.2984349371121833,0.3649628189963985,0.3425026074992096,0.7107968187747596,0.3287871116865718,0.21095725400329454,1,5,13,6,0,0,6,3
176,Pocahontas,1995,1990,Disney,Animation,0.26135694711517005,0.7385560395621766,0.32388640314076944,0.38057548710160516,0.3070644611470227,0.6844116787888259,0.29337470246817565,0.21853049076616488,1,5,13,6,0,-1,6,3
177,The Nightmare Before Christmas,1993,1990,Disney,Animation,0.4574009172420012,0.4681580318542866,0.0808895072528969,0.2310945135745145,0.6142957244003249,0.8950780154509536,0.5358493237264526,0.3300845390301056,3,6,8,5,3,5,8,4
178,The Rescuers Down Under,1990,1990,Disney,Animation,0.28427882151073847,0.6171683917661883,0.09079425888486903,0.11346673644964178,0.44011441890227765,0.7704188504236525,0.3063056271862835,0.14775891816743314,1,5,10,4,0,2,6,2
179,The Hunchback of Notre Dame,1996,1990,Disney,Animation,0.36747873630597017,0.5349235860689636,0.08963463676649364,0.14678068934252242,0.5055819692374096,0.8309650643662039,0.439029455104627,0.22675476059971017,2,5,8,4,0,3,7,3
180,A Bug's Life,1998,1990,Disney,Animation,0.25917385118676217,0.6571605899682327,0.07813893578881748,0.1063562993241336,0.41444063879779725,0.7484379169169226,0.3000089316969431,0.14120889706063658,1,5,8,4,0,1,6,2
181,Toy Story,1995,1990,Disney,Animation,0.2680594606205824,0.6335299047665046,0.11853112684254785,0.151313663311041,0.4218821473299995,0.7500872839529878,0.30275520008811363,0.13493399463318725,1,5,10,4,0,1,6,2
182,Toy Story 2,1999,1990,Disney,Animation,0.27298566247384576,0.6251154176116192,0.10123538719177905,0.14267903465365073,0.4196151265766622,0.748835051670559,0.3085071079044316,0.13608660754087212,1,5,10,4,0,1,6,2
183,Hercules,1997,1990,Disney,Animation,0.2883589586211276,0.6578879807043903,0.2152051963318531,0.27412308607003255,0.3948332745647572,0.7485847439939365,0.34937551049917126,0.19563605461081796,1,5,12,5,0,1,6,2
184,Snow White and the Seven Dwarfs,1937,1930,Disney,Animation,0.23719728746919955,0.7196911706074052,0.05750931314365715,0.1113715737285429,0.4239232982934667,0.7639366353598382,0.2231577062030461,0.15523773566052987,1,5,8,4,0,1,5,2
185,Night Crossing,1982,1980,Disney,Animation,0.2954314252919046,0.60133755134287,0.04791922027571616,0.07072228592667129,0.4576803166139126,0.7853440298117007,0.32693281469221225,0.15399727977766142,1,5,8,4,0,2,6,2
186,The Devil and Max Devlin,1981,1980,Disney,Animation,0.3285853059254718,0.6045873495083325,0.15387186403458364,0.21368846738441782,0.4362094327197641,0.7798627575257652,0.36645157457580024,0.2167494891679029,2,5,10,5,0,2,6,3
187,Midnight Madness,1980,1980,Disney,Animation,0.2561463218775396,0.6774212441090262,0.12045371306182151,0.14817053330636942,0.42118985924583174,0.7596132975599786,0.3023195827438614,0.15474610832822805,1,5,10,4,0,1,6,2
188,The Journey of Natty Gann,1985,1980,Disney,Animation,0.15928535369202879,0.813737098332016,0.0993782190535718,0.09761103746321464,0.33487210191461714,0.6701466609301193,0.17784098438761875,0.10635145838057002,0,9,10,4,0,-1,5,1
189,Cheetah,1989,1980,Disney,Animation,0.31667752176558056,0.578772712425625,0.08950762858949912,0.10393922787310361,0.4460967619732947,0.7820726900343283,0.3792904283553459,0.1743602455588996,2,5,8,4,0,2,6,2
190,Something Wicked This Way Comes,1983,1980,Disney,Animation,0.730800178656877,0.347310544114682,0.13617199239330047,0.4346625260514857,0.836517947613175,0.9027797226336414,0.6752705272541855,0.7735268370226543,6,6,10,6,7,6,9,11
191,Honey I Shrunk the Kids,1989,1980,Disney,Animation,0.22522336288127437,0.7155437333144263,0.09923951491121641,0.10454042764266103,0.4076443318069364,0.7410060257625444,0.26988027296897743,0.1345665587825833,1,5,10,4,0,1,6,2
192,Return to Snowy River,1988,1980,Disney,Animation,0.2797750767964242,0.6390517007260312,0.08049732278594646,0.09385857611742932,0.46054528510285797,0.7904450941110772,0.33961352256249244,0.16303816807526184,1,5,8,4,0,2,6,2
193,The Last Flight of Noahs Ark,1980,1980,Disney,Animation,0.26897123240787973,0.658058189665069,0.10173429669568756,0.0985723532656928,0.429648153626485,0.7673409622089122,0.29720312253630765,0.15836542081016744,1,5,10,4,0,1,6,2
194,Flight of the Navigator,1986,1980,Disney,Animation,0.5775169651361268,0.3930027694665261,0.15627175805300608,0.32731368709519937,0.677622302732558,0.8912940096026521,0.6419678977190053,0.4803569268538986,5,6,10,5,4,5,8,7
195,Tex,1982,1980,Disney,Animation,0.2786171600245548,0.6782584776725802,0.07901535377467783,0.11962426427238582,0.44467044581187076,0.7855074222244038,0.2970388552661771,0.19307738920666825,1,5,8,4,0,2,6,2
196,Popeye,1980,1980,Disney,Animation,0.2972215436324078,0.6237690954101964,0.14148885135541067,0.17446582631483676,0.43103580621872967,0.7728915567618686,0.3633665160588284,0.18087643747529877,1,5,10,4,0,2,6,2
197,Condorman,1981,1980,Disney,Animation,0.35198102491341654,0.5134303540828542,0.14926523662338897,0.14536162515559414,0.44629168781258266,0.7822615203044322,0.43575559419596377,0.18058012455407846,2,6,10,4,0,2,7,2
198,Herbie Goes Bananas,1980,1980,Disney,Animation,0.32682097200521354,0.552353465369662,0.12052321267387789,0.1479958562239886,0.45109527100449,0.7836696489156239,0.37601606913576124,0.16711145439242475,2,5,10,4,0,2,6,2
199,Never Cry Wolf,1983,1980,Disney,Animation,0.6337262665829142,0.18255368161626384,0.16650926346327777,0.28688621841588635,0.7018239449586547,0.9474935195116523,0.7782342194807785,0.4072722273560895,5,7,10,5,5,7,9,6
200,The Watcher In The Woods,1980,1980,Disney,Animation,0.27854142059098114,0.6371531727016282,0.08037376071418478,0.06028086295096602,0.4392288188547949,0.7733647429000593,0.29304337145193937,0.15515828705870383,1,5,8,4,0,2,6,2
201,Return to Oz,1985,1980,Disney,Animation,0.30747561126203704,0.5748938831620838,0.07292852904786795,0.06900575551511368,0.4329767423627383,0.7654890904788461,0.3988427381488753,0.15727709455418762,2,5,8,4,0,1,7,2
202,One Magic Christmas,1985,1980,Disney,Animation,0.26751256057220263,0.6791162627074288,0.09134670529003741,0.1334969398758623,0.43746005957735246,0.7776655168953907,0.25171694977910763,0.17153747768388541,1,5,10,4,0,2,6,2
203,The Legend of Lobo,1962,1960,Disney,Animation,0.6474207303445083,0.34114374634003264,0.18882101358951764,0.39379287085127623,0.6844808506308345,0.8639259536835289,0.6648878948178101,0.5550288024501716,6,6,12,6,4,4,8,8
204,The Happiest Millonaire,1967,1960,Disney,Animation,0.2847975467625798,0.6085059231684231,0.14997911832740718,0.1656668695275244,0.3995490327485382,0.7369091880747283,0.34414585791224617,0.14411682983801613,1,5,10,4,0,1,6,2
205,Son of Flubber,1963,1960,Disney,Animation,0.4075122559922161,0.4711044715263939,0.11113805523568787,0.17321265595136015,0.5450981980332968,0.8596872707475918,0.4832725327926557,0.24157267983455508,3,6,10,4,2,4,7,3
206,Smith,1969,1960,Disney,Animation,0.30017673150219815,0.6291264161751462,0.13689153470813187,0.18449037113047062,0.46025146587743093,0.7960975526030106,0.34498448632772205,0.1890016220761048,2,5,10,4,0,2,6,2
207,The Gnome-Mobile,1967,1960,Disney,Animation,0.3405989363057872,0.5798784055738548,0.1646793050648776,0.19570218794770444,0.46742412977817677,0.8028846982327229,0.41752825303210717,0.21985398192434047,2,5,10,5,0,3,7,3
208,The Moon-Spinners,1964,1960,Disney,Animation,0.29706496626188905,0.6240023231709975,0.12495575352009747,0.13362954932317128,0.4380387416403502,0.778043146623092,0.36571400135492993,0.18105369787898054,1,5,10,4,0,2,6,2
209,The Love Bug,1968,1960,Disney,Animation,0.34325302574117417,0.5699664020747659,0.07728945648491614,0.09405923074199773,0.4811303817507039,0.8129365522536687,0.4042763325115222,0.21387984605360347,2,5,8,4,0,3,7,3
210,Pollyanna,1960,1960,Disney,Animation,0.4004169587757016,0.5604990687160143,0.17261195306507637,0.25421931286963195,0.4935927148035425,0.8094855928888924,0.47750123549922463,0.31032933636461857,3,5,10,5,0,3,7,4
211,Bon Voyage,1962,1960,Disney,Animation,0.3496049474508931,0.5661738614482554,0.09417481066473765,0.13030732581131776,0.4927162856276406,0.8215111976176672,0.3966661133941395,0.22036387393215154,2,5,10,4,0,3,7,3
212,The Absent Minded Professor,1961,1960,Disney,Animation,0.35545804551409405,0.5291869893445331,0.09582743837526475,0.12901215989569292,0.4970943845488251,0.8235641917521107,0.4417358432631765,0.20150315126633472,2,5,10,4,0,3,7,3
213,Thomasina,1963,1960,Disney,Animation,0.3010398326515431,0.6481640537013664,0.04978528353626244,0.09194302079552286,0.4571428349644889,0.7952504997058639,0.33253206080338027,0.2066638858606791,2,5,8,4,0,2,6,3
214,Babes In Toyland,1961,1960,Disney,Animation,0.3890128233968334,0.6362416456756206,0.4255368268549782,0.557292381677387,0.3679915527501148,0.7015667717132492,0.4474610175794864,0.35648516322673846,3,5,14,7,0,-1,7,5
215,The Adventures of Bullwhip Griffin,1967,1960,Disney,Animation,0.31833536032302995,0.5975594803519746,0.05069537085585407,0.10009000995862649,0.46978148070771575,0.8033720709560901,0.3660052054654993,0.1929629461306628,2,5,8,4,0,3,6,2
216,Monkeys Go Home,1967,1960,Disney,Animation,0.35289838516994576,0.5123397230913525,0.11011011319062136,0.09391938363626962,0.4689967032823857,0.7991478118047122,0.4193761427620797,0.1793102974877135,2,6,10,4,0,2,7,2
217,The Horse In Grey Flannel Suit,1968,1960,Disney,Animation,0.35622889429606736,0.510630593206058,0.14817159341672415,0.181983586270125,0.48044859816735974,0.808598890602625,0.3878600808711328,0.18003486471763208,2,6,10,4,0,3,6,2
218,The Parent Trap,1961,1960,Disney,Animation,0.31627210316017607,0.5968813237692947,0.06105544772860538,0.0820750209614437,0.46271164887443095,0.7976048711840638,0.37789905442013016,0.19003728188994895,2,5,8,4,0,2,6,2
219,Almost Angels,1960,1960,Disney,Animation,0.26585271484879036,0.6814821545166452,0.0428386707260372,0.08020638691437809,0.4245265592311615,0.7679971058918508,0.3038095977528513,0.17499116215792618,1,5,8,4,0,1,6,2
220,The Monkeys Uncle,1965,1960,Disney,Animation,0.4348425386531715,0.43056290910026007,0.12316233014625388,0.19302144673066823,0.5661833830055452,0.8744720597968373,0.509508183453659,0.2541774057393075,3,6,10,5,2,5,7,3
221,Robin Crusoe,1966,1960,Disney,Animation,0.33012928113266493,0.5286934250518316,0.1822396204068707,0.19989874366523186,0.42565743235586345,0.7582573428898279,0.39377479108009594,0.15296083146262396,2,5,12,5,0,1,7,2
222,The Computer Wore Tennis Shoes,1969,1960,Disney,Animation,0.41189044896340027,0.44417964308658586,0.14888262747047565,0.2028798289355862,0.5372862459119583,0.8543609014765361,0.4863839251027593,0.22482685983742023,3,6,10,5,2,4,7,3
223,Emil and the Detectives,1964,1960,Disney,Animation,0.3128379458309954,0.5948804805429693,0.06617495820441543,0.08897869999332098,0.4688126402421633,0.8007573469408591,0.3590081394025444,0.1805413668403018,2,5,8,4,0,2,6,2
224,The Incredible Journey,1963,1960,Disney,Animation,0.43156202164713664,0.4653560386518567,0.053873461353271535,0.10535752313143132,0.5640255014874029,0.8691196260786372,0.5290361507946748,0.2829075574120018,3,6,8,4,2,5,7,4
225,Summer Magic,1963,1960,Disney,Animation,0.3432753271791322,0.5562678006665736,0.06880126792473162,0.10282692265997673,0.4887915974575399,0.8178739824437415,0.3849479852898041,0.1994161467962014,2,5,8,4,0,3,6,3
226,Kidnapped,1960,1960,Disney,Animation,0.3609302425390706,0.6260936504370149,0.054474613158514984,0.13302766333933314,0.5089947893990137,0.8226466184684611,0.35774122114507745,0.29021388718219154,2,5,8,4,0,3,6,4
227,Follow Me Boys,1966,1960,Disney,Animation,0.3120112309120632,0.61860452759122,0.14525180532255522,0.18727642846889903,0.44573643439732397,0.786454204086771,0.36312043588537,0.20116272070955968,2,5,10,5,0,2,6,3
228,Savage Sam,1963,1960,Disney,Animation,0.26034972246581856,0.7101034312930499,0.09400665146895515,0.1196384313014025,0.43328071218274844,0.7769464633827011,0.20148273637850878,0.1842649218803767,1,5,10,4,0,2,5,2
229,Blackbeards Ghost,1968,1960,Disney,Animation,0.3557463618665776,0.5450796974903547,0.09656635679340053,0.1438242119590981,0.49862055866799815,0.8257878791665844,0.3997134071804206,0.21184858519762076,2,5,10,4,0,3,7,3
230,Greyfriars Bobby The True Story of a Dog,1961,1960,Disney,Animation,0.28271997924927816,0.6711490724690243,0.08278195329737092,0.12210337361687906,0.43198074641384454,0.7761902342485945,0.27333316829039667,0.19163162161862146,1,5,8,4,0,2,6,2
231,"Toby Tyler, or Ten Weeks with a Circus",1960,1960,Disney,Animation,0.28686718833635594,0.6308774062116904,0.09208268237477901,0.11022379952841055,0.44003223599685504,0.7767682368577526,0.323143591636032,0.16609387531556408,1,5,10,4,0,2,6,2
232,Moon Pilot,1962,1960,Disney,Animation,0.2958435309671379,0.6254482004499851,0.13773407283724504,0.17439035621476395,0.4283127129302014,0.770717552740331,0.3775526725135614,0.1814813990150096,1,5,10,4,0,2,6,2
233,The Sign of Zorro,1960,1960,Disney,Animation,0.44424871731491977,0.41758295018232783,0.1701634398338926,0.18673625112914272,0.5089876690919573,0.8318724296136931,0.5351006851290565,0.2616449675006472,3,6,10,5,0,3,8,3
234,Big Red,1962,1960,Disney,Animation,0.2914742046870613,0.6096627128111463,0.13955217144139453,0.09379205652381328,0.41177314696709066,0.751874080715848,0.40550492991771436,0.16260315820184212,1,5,10,4,0,1,7,2
235,Rascal,1969,1960,Disney,Animation,0.3671882250173495,0.5455710650445091,0.14077510562852624,0.18755026490833682,0.4948607083418258,0.8226754142770589,0.4221593045877038,0.23407331166268056,2,5,10,5,0,3,7,3
236,Swiss Family Robinson,1960,1960,Disney,Animation,0.24904056742191175,0.7029549279515002,0.007678405001533162,0.01041469941206774,0.44150490268550985,0.7783462559828989,0.2974722578943586,0.16559108872090267,1,5,8,3,0,2,6,2
237,In Search of the Castaways,1962,1960,Disney,Animation,0.3455912515704261,0.5655247444261189,0.07078467210578321,0.10590115591986271,0.48789345719847615,0.8179199057704079,0.3942444242291667,0.21272988280145666,2,5,8,4,0,3,7,3
238,Multiply That Darn Cat,1965,1960,Disney,Animation,0.33890527161703743,0.5679379234601645,0.08099637432507045,0.12441126513627476,0.48323260468046725,0.8140461503012542,0.410475362059325,0.20534122264555682,2,5,8,4,0,3,7,3
239,The Shaggy Dog,1959,1950,Disney,Animation,0.3052024887113701,0.5984451721716959,0.11482563827628389,0.13932596849517176,0.4386412726200266,0.7761658892481524,0.35057783078726046,0.17006810659396146,2,5,10,4,0,2,6,2
240,Treasure Island,1950,1950,Disney,Animation,0.2822140487619685,0.677600810390175,0.07831302591033074,0.13287988679681073,0.4652623833784573,0.8010501722990091,0.29727424045921236,0.19858176641538036,1,5,8,4,0,2,6,3
241,Johnny Tremain,1957,1950,Disney,Animation,0.39433701945987537,0.51304783240366,0.09117519954314346,0.1620579897911938,0.5282125975598551,0.8457381773765429,0.4811529973481319,0.25724951327853135,3,6,10,4,2,4,7,3
242,Davy Crockett and the River Pirates,1956,1950,Disney,Animation,0.3625528182280561,0.5531452184754864,0.11221348842707812,0.18603373217057806,0.5238411310732322,0.8440949102700006,0.3496017201916427,0.22570086521338104,2,5,10,4,2,4,6,3
243,Old Yeller,1957,1950,Disney,Animation,0.2860649952116322,0.6771004527828497,0.07337811277439565,0.12584323277458398,0.4481135755449662,0.7886163179573883,0.22254185538204452,0.19904229487283667,1,5,8,4,0,2,5,3
244,Westward Ho the Wagons,1956,1950,Disney,Animation,0.41818998180561257,0.5633354739339658,0.07089429959727434,0.15910515952151505,0.5898342491429135,0.8708105217968318,0.4084108975051677,0.3350358745779876,3,5,8,4,3,5,7,4
245,Third Man On the Mountain,1959,1950,Disney,Animation,0.2902417409804965,0.6589429399383171,0.03540806713765843,0.04652160558300844,0.44173394620918344,0.7834994250961985,0.3144499080549392,0.1966161388577631,1,5,8,4,0,2,6,3
246,The Sword and the Rose,1953,1950,Disney,Animation,0.4071925960421762,0.48151482045999194,0.13241263758331157,0.18434895938936513,0.5334931418101246,0.8504071455798531,0.43467718031094094,0.24476316997764636,3,6,10,4,2,4,7,3
247,Tuck Everlasting,2002,2000,Disney,Animation,0.30133708338717674,0.6223516342946045,0.05587440779888675,0.0654041774001809,0.4621937800543752,0.7969028640014536,0.36426535615044964,0.18663389540636374,2,5,8,4,0,2,6,2
248,The Kid,2000,2000,Disney,Animation,0.2812737437824578,0.6483980370968774,0.13401262320327534,0.1537131834046721,0.40347868658689184,0.7515681607899076,0.32289578012377484,0.1725777989473401,1,5,10,4,0,1,6,2
249,Sky High,2005,2000,Disney,Animation,0.3108546485383346,0.5711565605639106,0.11758468972043112,0.13986156286425677,0.45234328424198383,0.7808030873174628,0.3717951651176702,0.1568188363634458,2,5,10,4,0,2,6,2
250,Pirates of the Caribbean 1 Curse of the Black Pearl,2003,2000,Disney,Animation,0.33407863672937305,0.5588562852643073,0.1034017466529068,0.15779865820903138,0.4810893964681687,0.8104044159035341,0.39947075486901107,0.18772691844124612,2,5,10,4,0,3,7,2
251,Max Keebles Big Move,2001,2000,Disney,Animation,0.29043211308469546,0.6056438275157787,0.14737671992600654,0.16242143629398675,0.4423439722226972,0.7720178757341054,0.3505767919582268,0.1516441469940492,1,5,10,4,0,2,6,2
252,The Pacifier,2005,2000,Disney,Animation,0.2692872539736858,0.6601823646110696,0.19361490758035338,0.22871580400079317,0.38183193722169495,0.732923833328003,0.31214552838959253,0.16210135000068665,1,5,12,5,0,0,6,2
253,Snow Dogs,2002,2000,Disney,Animation,0.2425815545857655,0.698355785910358,0.10033241826512151,0.10033840290548013,0.39386787769567844,0.7378866098494811,0.26273260644843477,0.14771871907478124,1,5,10,4,0,1,6,2
254,Remember the Titans,2000,2000,Disney,Animation,0.23404119331482254,0.7024072782027595,0.08603558245548082,0.11256039892864311,0.41264851454184015,0.7464093935875683,0.25568137632275434,0.13643782195694892,1,5,8,4,0,1,6,2
255,Princess Diaries,2001,2000,Disney,Animation,0.35020003121865495,0.5833689441283756,0.22317653918143032,0.26477324169119354,0.4373428104833317,0.7798561933137188,0.4334037547797003,0.24103954128406713,2,5,12,5,0,2,7,3
256,The Country Bears,2002,2000,Disney,Animation,0.26766776798311087,0.7337962817129551,0.2609127411311807,0.31767276099071107,0.3537559926653535,0.7184393854990315,0.30894325790318145,0.2261741446918723,1,5,13,5,0,0,6,3
257,Around the World in 80 Days,2004,2000,Disney,Animation,0.3508247538496834,0.48675553831064167,0.15577459985421727,0.1605936748204687,0.47294650366657826,0.7914194403265623,0.3943765356096903,0.14981046996934064,2,6,10,4,0,2,7,2
258,Miracle,2004,2000,Disney,Animation,0.3460111046706621,0.5263719720463067,0.0905091069456786,0.1193281144226308,0.5039961252337398,0.8252438942595779,0.40311345731636405,0.1786920326100648,2,5,10,4,0,3,7,2
259,Freaky Friday,2018,2000,Disney,Animation,0.2646330348624121,0.6471580765240783,0.11741641821096505,0.11225075223850955,0.40075578289502595,0.738414506952597,0.3103727370870293,0.1422063845751809,1,5,10,4,0,1,6,2
260,The Haunted Mansion,2003,2000,Disney,Animation,0.2822058952140588,0.6290943246896288,0.06374278195382699,0.07027320788880453,0.425419743253663,0.7627461235690962,0.3148222957941087,0.15585342444803785,1,5,8,4,0,1,6,2
261,Confessions Of A Teenage Drama Queen,2004,2000,Disney,Animation,0.34497428456768325,0.584164280389956,0.17139464706652263,0.2011763541433197,0.4333530466048611,0.7774704382224585,0.4114633230654845,0.23050146568049776,2,5,10,5,0,2,7,3
262,The Young Black Stallion,2003,2000,Disney,Animation,0.207374403695696,0.7015168828145577,0.15565616331618048,0.13389092431013871,0.3596951335721345,0.6623846264161859,0.18505293607596296,0.08584008053920678,0,5,10,4,0,-2,5,1
263,The Rookie,2002,2000,Disney,Animation,0.26705036039375696,0.7176297481771896,0.1834141174905356,0.204215002396255,0.4101751148251316,0.7606796645891026,0.266877261935343,0.2069881121720955,1,5,12,5,0,1,6,3
264,Herbie Fully Loaded,2005,2000,Disney,Animation,0.2528436647862761,0.670227261226787,0.09632773687151652,0.10702534712537559,0.41245556598211053,0.7476202652965918,0.2737443542589417,0.14028734386257513,1,5,10,4,0,1,6,2
265,102 Dalmatians,2000,2000,Disney,Animation,0.30314515584703505,0.6463435950576923,0.4268835141295405,0.46670000698913416,0.3104335572424991,0.6871372244923312,0.37653339627147664,0.21277260267223952,2,5,14,6,0,-1,6,3
266,The Shaggy Dog,2006,2000,Disney,Animation,0.24482981032582263,0.6879012102626945,0.15470640511471323,0.144997908820372,0.4107196740453274,0.7476520146574052,0.3050022992339314,0.1453815199463382,1,5,10,4,0,1,6,2
267,The Chronicles Of Narnia-The Lion The Witch And The Wardrobe,2005,2000,Disney,Animation,0.26343310902899564,0.6559390792178923,0.05907965145197003,0.06657846125694566,0.4358693038772809,0.7673236321911727,0.2818610275694401,0.14581782184606418,1,5,8,4,0,1,6,2
268,The Princess Diaries 2 Royal Engagement,2004,2000,Disney,Animation,0.37030721119219545,0.5199170957686965,0.21010404442665498,0.24802305639415378,0.43942612513237445,0.78219700301013,0.4479393098071611,0.2188883023127919,2,6,12,5,0,2,7,3
269,Eight Below,2006,2000,Disney,Animation,0.2284591794679902,0.7087904971784238,0.08266104826736376,0.09388289087907487,0.40417331383495203,0.738033512615049,0.25836720424768145,0.13301253712672387,1,5,8,4,0,1,6,2
270,The Lizzie McGuire Movie,2003,2000,Disney,Animation,0.3554320399046346,0.5616304202618978,0.11822113513516419,0.1555860039604149,0.48089902112750527,0.8126492324105254,0.43432801903369356,0.23018271849934888,2,5,10,4,0,3,7,3
271,Pirates of the Caribbean - Dead Man's Chest,2006,2000,Disney,Animation,0.2882659926171499,0.6297154042282624,0.0641269182569073,0.09418845947793264,0.4459824407579218,0.7815347615998558,0.3407865184245009,0.1690005710912677,1,5,8,4,0,2,6,2
272,The Santa Clause 2,2002,2000,Disney,Animation,0.28305485220901827,0.6181304127845046,0.09953678580259862,0.10605338590128865,0.4261776695532641,0.7595746448837385,0.30946375991352526,0.14683497840587592,1,5,10,4,0,1,6,2
273,The Greatest Game Ever Played,2005,2000,Disney,Animation,0.3028084748809483,0.595391216495516,0.09077424126823808,0.10909643378675571,0.45803171393567527,0.7883078693779273,0.3551488968108596,0.16367072903039345,2,5,10,4,0,2,6,2
274,National Treasure,2004,2000,Disney,Animation,1.0,0.024436558626477423,0.31089499878811044,0.7065759790078009,1.0,0.9374868373230226,1.0,1.0,10,8,13,7,10,7,11,14
275,Holes,2003,2000,Disney,Animation,0.28334250274204437,0.652191272958417,0.09533872682842415,0.1271743902492063,0.4342158251712775,0.7757108592778478,0.33716057512434394,0.1808213322232364,1,5,10,4,0,2,6,2
276,Glory Road,2006,2000,Disney,Animation,0.309692676719322,0.5989856499245629,0.0804109007210494,0.12179365838375311,0.47914941195735483,0.8080449572333586,0.34154241763981785,0.17730883403563102,2,5,8,4,0,3,6,2
277,Ice Princess,2005,2000,Disney,Animation,0.33508630922331106,0.6279000990858825,0.2769082924260655,0.3316720842417126,0.40082164290617217,0.7512476916837749,0.3880091901426679,0.25115992485352584,2,5,13,5,0,1,6,3
278,Stargirl,2020,2010,Disney,Animation,0.3191729925377408,0.6399737433284916,0.05938318677831178,0.07853376353015895,0.47659883553363563,0.8088687487911438,0.36585933705589946,0.2330194308179963,2,5,8,4,0,3,6,3
279,Pete's Dragon,2016,2010,Disney,Animation,0.22272474201030126,0.7375604790504688,0.05825068613154727,0.01592591908001273,0.38398874106377223,0.7315020421265322,0.22995572289820876,0.14750184376153458,1,5,8,4,0,0,5,2
280,Lady and the Tramp,2019,2010,Disney,Animation,0.2187174136486065,0.7255433859968523,0.07275786976902343,0.07149033694882823,0.37432357601501604,0.7152773848336098,0.2423786306065009,0.1306376427390951,1,5,8,4,0,0,5,2
281,Pirates of the Caribbean On Stranger Tides,2011,2010,Disney,Animation,0.30888126157356743,0.5911954181863277,0.0978451060385711,0.11378246440137474,0.46001083085192596,0.7918090923810748,0.36866199099075525,0.17143279413288648,2,5,10,4,0,2,6,2
282,TRON Legacy,2010,2010,Disney,Animation,0.3313048037060331,0.5268531650440509,0.1478765477126749,0.134922340598845,0.4613489387427007,0.7847254667877227,0.3952247726452113,0.15342343653634488,2,5,10,4,0,2,7,2
283,"Prince of Persia, The Sands of Time",2010,2010,Disney,Animation,0.4077669146359974,0.47278991469988796,0.07280526769932871,0.13422318063609262,0.5519203370471814,0.8645840883033573,0.45381518599909687,0.23998851638112897,3,6,8,4,2,4,7,3
284,Maleficent Mistress of Evil,2019,2010,Disney,Animation,0.2962753619100609,0.586128972274842,0.05596739330950451,0.059601909659027785,0.4422842083170478,0.7678591756123533,0.34186310956375576,0.14292617284255912,1,5,8,4,0,1,6,2
285,Dangal,2016,2010,Disney,Animation,0.4063156706613026,0.465332151243278,0.1479955532501228,0.20439332484201067,0.5119474137806476,0.8355970936439089,0.46383928313695544,0.23192418463834344,3,6,10,5,0,4,7,3
286,The Muppets,2011,2010,Disney,Animation,0.33117888008018637,0.5619692065427526,0.12329498698980623,0.15308516411630668,0.46103632763597724,0.795231473253661,0.3505898209757444,0.18076657898911014,2,5,10,4,0,2,6,2
287,The Jungle Book,2016,2010,Disney,Animation,0.2278802113121753,0.7306255409597493,0.05786272661373737,0.04775193202381023,0.3885944460024752,0.7358455434893104,0.25406384095821466,0.15161356828582498,1,5,8,4,0,1,6,2
288,Maleficent,2014,2010,Disney,Animation,0.2879791986779898,0.6613119394934519,0.2501245806712089,0.19709779844630604,0.34811813962415733,0.7143641030048394,0.34584510782094247,0.19778191986194638,1,5,12,5,0,0,6,3
289,Cinderella,2015,2010,Disney,Animation,0.316622688224605,0.583328077841557,0.05568193281010325,0.06540706360865445,0.4535105888140604,0.7885675451737276,0.3627405989663104,0.17677712306075244,2,5,8,4,0,2,6,2
290,Togo,2019,2010,Disney,Animation,0.26556081173674106,0.6482041423083817,0.06630447314650922,0.05609912612607992,0.4254971288680154,0.7579845097892532,0.32081359820903543,0.14563827035392746,1,5,8,4,0,1,6,2
291,The Sorcerer Apprentice,2010,2010,Disney,Animation,0.33969621818662254,0.5545267340311733,0.12481382865147939,0.12772705856849165,0.4659059866052261,0.8001085067155794,0.4380096954561059,0.1975091879497395,2,5,10,4,0,2,7,3
292,Jagga Jasoos,2017,2010,Disney,Animation,0.33583587701361006,0.5513554492741117,0.14325594503330497,0.1676020022402379,0.45705314773808586,0.791930092784411,0.38055883181013905,0.18190866541457468,2,5,10,4,0,2,6,2
293,The Nutcracker And The Four Realms,2018,2010,Disney,Animation,0.3000833365400889,0.5867710740581811,0.06678069642101103,0.057096738010458115,0.452833613632196,0.7793332510531427,0.32853914371135107,0.14873515270002058,2,5,8,4,0,2,6,2
294,Million Dollar Arm,2014,2010,Disney,Animation,0.27075652949593354,0.6505893594044232,0.09183262641283463,0.11667126865591415,0.41877965304811315,0.7579376237573477,0.30349313032459657,0.15510538155560508,1,5,10,4,0,1,6,2
295,Oz the Great and Powerful,2013,2010,Disney,Animation,0.2635792498260066,0.6523917830867183,0.07305137127271677,0.07639977724507119,0.41163799788546823,0.7480044644785089,0.31157666340580936,0.1452972161318758,1,5,8,4,0,1,6,2
296,The Finest Hours,2016,2010,Disney,Animation,0.26254048241623085,0.704310280242332,0.19730266915419914,0.24827401785535186,0.40498712341598053,0.7559346964507564,0.24432209999941545,0.1855528833195355,1,5,12,5,0,1,5,2
297,Timmy Failure Mistakes Were Made,2020,2010,Disney,Animation,0.3731822302711316,0.4633818098068354,0.13649087673869387,0.14600935902896095,0.4785174678107217,0.8029611580739408,0.4302163849015427,0.17020626279878082,2,6,10,4,0,3,7,2
298,A Wrinkle in Time,2018,2010,Disney,Animation,0.28073935498437497,0.6167208696695798,0.10600258600298007,0.09857209572441794,0.4340963705083265,0.7627213436727964,0.33710325478271796,0.14408711735392812,1,5,10,4,0,1,6,2
299,Christopher Robin,2018,2010,Disney,Animation,0.29744034854080936,0.5928924155919684,0.07908861136780043,0.0889122495574668,0.44697498316014767,0.7755416461169482,0.353212789140251,0.15212825652404693,1,5,8,4,0,2,6,2
300,Pirates of the Caribbean 5 Salazar's Revenge,2017,2010,Disney,Animation,0.2769436030327666,0.6353993747963407,0.05925049051594211,0.09110738005278785,0.43174260879490284,0.7661264723007551,0.2891851979233955,0.15054192908397432,1,5,8,4,0,1,6,2
301,Queen of Katwe,2016,2010,Disney,Animation,0.2722825699009114,0.6267889398956346,0.10152303132397555,0.06186779286531785,0.41772550718158197,0.7476514767862261,0.30053474983784667,0.13574753013096885,1,5,10,4,0,1,6,2
302,Secretariat,2010,2010,Disney,Animation,0.3253092998055821,0.5835645267988996,0.06557206183529218,0.09834305088056039,0.48917718701912954,0.8175504206662839,0.37932441831535524,0.19333144079715506,2,5,8,4,0,3,6,2
303,Do Dooni Chaar,2010,2010,Disney,Animation,0.32273777084488237,0.6004854392051748,0.13033066822637562,0.1804317608005107,0.46846066096427347,0.8033117580272924,0.37374888584890287,0.20384254145150552,2,5,10,4,0,3,6,3
304,Noelle,2019,2010,Disney,Animation,0.3332913776392784,0.5582012725168553,0.10445776634051351,0.13318410469009023,0.4729695708711778,0.8040555844272886,0.3428740256356494,0.18018154672106854,2,5,10,4,0,3,6,2
305,The BFG,2016,2010,Disney,Animation,0.26662935054095566,0.6541232117781721,0.09281268914953289,0.04723923030113342,0.43123733809536235,0.7655912571238135,0.3318864991522936,0.15383033158401993,1,5,10,4,0,1,6,2
306,Alexander And The Terrible Horrible No Good Very Bad Day,2014,2010,Disney,Animation,0.2929563708405134,0.5943572613011456,0.11906397346356457,0.11624981243683674,0.4187135374679929,0.7515376489122392,0.3369287737771869,0.14435545332118846,1,5,10,4,0,1,6,2
307,Tomorrowland,2015,2010,Disney,Animation,0.32102537881768767,0.5714019513882755,0.15363618990876504,0.1604612049461145,0.4353239038458648,0.7743021317024881,0.40498642310163546,0.17766540770002037,2,5,10,4,0,2,7,2
308,Aladdin,2019,2010,Disney,Animation,0.42308594801792127,0.5395355671199287,0.06020068795025657,0.1975243277416594,0.5887047187236963,0.8741514917404589,0.5119193829137487,0.33391529846004137,3,5,8,5,3,5,7,4
309,Alice Through the Looking Glass,2016,2010,Disney,Animation,0.3150278422684336,0.5602626119619938,0.11136074452557909,0.08971698957610963,0.44468565301622553,0.7738599262851863,0.36640758010121377,0.15341750020339728,2,5,10,4,0,2,6,2
310,Into the Woods,2014,2010,Disney,Animation,0.32241689530102036,0.6688709568908933,0.0,0.05687674989817759,0.4981857702788875,0.8204271478177539,0.37304700245229006,0.26555241666825247,2,5,6,4,0,3,6,3
311,The Lion King,2019,2010,Disney,Animation,0.32425060330119404,0.5809395985785657,0.0729292134561258,0.08402510949464115,0.45438788910518996,0.7913112710027992,0.39244194776080277,0.19049245898322362,2,5,8,4,0,2,7,2
312,The Odd Life of Timothy Green,2012,2010,Disney,Animation,0.22404157106996558,0.7231567542554669,0.02671568769583743,0.012512082094464638,0.3894162681466799,0.7303793715931047,0.2911283135212964,0.14119282115389148,1,5,8,4,0,0,6,2
313,Bad Boys for Life,2020,2010,Disney,Animation,0.24451069286780486,0.6688800361815077,0.15615558618642666,0.15003168479604923,0.39608785426743165,0.725786998798756,0.2780683254292935,0.1253032154087953,1,5,10,4,0,0,6,1
314,Muppets Most Wanted,2014,2010,Disney,Animation,0.34985374312341444,0.5294454859441209,0.1005004035615541,0.1368604721144796,0.486852952156176,0.8146314077847276,0.40290367715796005,0.18797065496827295,2,5,10,4,0,3,7,2
315,Saving Mr Banks,2013,2010,Disney,Animation,0.3513930917118451,0.544281276710985,0.14124597224967994,0.1615330178449509,0.4771479447699554,0.8095280787754513,0.41458340948145533,0.2053500998201218,2,5,10,4,0,3,7,3
316,Prom,2011,2010,Disney,Animation,0.2570790907346211,0.6733823207196639,0.12654084533510102,0.1333812996889011,0.41208854427206054,0.7520615715166405,0.3065710411833834,0.15300291451915668,1,5,10,4,0,1,6,2
317,Alice in Wonderland,2010,2010,Disney,Animation,0.3257488694251185,0.55625134163519,0.11416231830825285,0.1104166589782346,0.4636073531915598,0.7934590924463804,0.38463900881423807,0.16972330740329925,2,5,10,4,0,2,6,2
318,"McFarland, USA",2015,2010,Disney,Animation,0.24650707349609757,0.6899196801817231,0.07663160134973335,0.09348619256352697,0.42019791727108535,0.7568380661839855,0.2722484550193237,0.14739912446064957,1,5,8,4,0,1,6,2
319,Khoobsurat,2014,2010,Disney,Animation,0.31083650530572005,0.5730054672953933,0.13262942614706397,0.12958881700407565,0.4554157518447872,0.7837742864143438,0.3586857657607625,0.15718914519385174,2,5,10,4,0,2,6,2
320,Beauty And The Beast,2017,2010,Disney,Animation,0.36191870553000216,0.6680830710970809,0.41664270855408925,0.5378426820851773,0.33639642760523925,0.6838955584234275,0.3826100129596123,0.3326152408796596,2,5,14,7,0,-1,6,4
321,The Lone Ranger,2013,2010,Disney,Animation,0.28258691242329276,0.6234204227997324,0.07575052391818904,0.09052641843301101,0.43882352753210024,0.7707559107763101,0.32822294278098796,0.15251139409083442,1,5,8,4,0,2,6,2
322,The Barefoot Executive,1971,1970,Disney,Animation,0.3161966658793809,0.5865288972236553,0.08849609355769572,0.11729582502478475,0.47064242362735026,0.8016974450974997,0.3820951338379005,0.18089959928786598,2,5,8,4,0,2,6,2
323,The Million Dollar Duck,1971,1970,Disney,Animation,0.28213414978447937,0.6327001691175442,0.10332274665047769,0.1360662416849695,0.4392204620093879,0.7740994955668277,0.32776710267648,0.16016163576280124,1,5,10,4,0,2,6,2
324,The Strongest Man in the World,1975,1970,Disney,Animation,0.3301717647347258,0.5586316092395491,0.11125599427469379,0.1329026237346448,0.47653022228429487,0.8056336209418521,0.39036180502491347,0.1799623227646615,2,5,10,4,0,3,7,2
325,Herbie Rides Again,1974,1970,Disney,Animation,0.36852535259455715,0.5067992839977244,0.08216391066333839,0.11389323691827546,0.5055022454185799,0.8299545342165707,0.43686724232226914,0.20264808032280987,2,6,8,4,0,3,7,3
326,Napoleon and Samantha,1972,1970,Disney,Animation,0.25301032994553685,0.6771569354992226,0.07540195721157605,0.09575924936211133,0.3989835617068627,0.7409178129028777,0.29291152880200644,0.14841838637433094,1,5,8,4,0,1,6,2
327,The Cat From Outer Space,1978,1970,Disney,Animation,0.30342397606303256,0.5707067924451463,0.21054725787645245,0.20138711231383566,0.4116197974459255,0.7441056506643206,0.3713017101436624,0.14379084208719195,2,5,12,5,0,1,6,2
328,Shaggy DA,1976,1970,Disney,Animation,0.31572872845073185,0.5839937484444833,0.14467600637024902,0.17248163707318687,0.44608615078199554,0.7828766739849138,0.3730863422551899,0.17689098670262854,2,5,10,4,0,2,6,2
329,No Deposit No Return,1976,1970,Disney,Animation,0.3074754503498877,0.5825524966642077,0.10848875430905236,0.1368873405656985,0.45680945187214683,0.786012709731626,0.37369202939957225,0.16167737720835934,2,5,10,4,0,2,6,2
330,Hot Lead And Cold Feet,1978,1970,Disney,Animation,0.28220501433734646,0.6393895344579268,0.10520249670594084,0.11562283261694895,0.4389756562885752,0.7759511051856884,0.31367683322525286,0.1651349854558351,1,5,10,4,0,2,6,2
331,One Little Indian,1973,1970,Disney,Animation,0.2583078344909416,0.6783109695721512,0.09762945894102171,0.11708793444462551,0.4121504304627714,0.7545877185735177,0.2923330968453932,0.15838344780439864,1,5,10,4,0,1,6,2
332,Gus,1976,1970,Disney,Animation,0.34853895370107507,0.5551327328335733,0.12825986104542642,0.19081707853297247,0.47869975804654313,0.8109841424213386,0.38677138668543387,0.2074720281407142,2,5,10,5,0,3,6,3
333,Return from Witch Mountain,1978,1970,Disney,Animation,0.3175798434280559,0.5551307495594107,0.1080345948628072,0.13024881854931414,0.4619972118937351,0.7864517126741206,0.37373458462095965,0.15378274270096115,2,5,10,4,0,2,6,2
334,Escape to Witch Mountain,1975,1970,Disney,Animation,0.3225467529424628,0.5884586163452052,0.06389794322546272,0.09528670437458242,0.48612980723876864,0.8152766411207686,0.3747234947667445,0.19265625070328882,2,5,8,4,0,3,6,2
335,The North Avenue Irregulars,1979,1970,Disney,Animation,0.30384518844470065,0.6090519221982365,0.13758851283739737,0.17847757977536793,0.4307402792749912,0.7722020371898212,0.3610637421141676,0.1784440212272202,2,5,10,4,0,2,6,2
336,The Island At The Top Of The World,1974,1970,Disney,Animation,0.35011990760449646,0.5239037703412994,0.07448681581467687,0.10892678573566972,0.48705545646144077,0.813863902915935,0.4186259527319386,0.18506697182162568,2,5,8,4,0,3,7,2
337,Treasure Of Matecumbe,1976,1970,Disney,Animation,0.2909013625873935,0.6437861395437294,0.0930422909854074,0.10439127472317378,0.4723962760286212,0.8047188139433957,0.3283064927007491,0.1851430597219379,1,5,10,4,0,3,6,2
338,The Black Hole,1979,1970,Disney,Animation,0.419275464439357,0.41100073128032677,0.1596057972852245,0.185401490671382,0.5361449602267592,0.8523791925912658,0.47647559359576264,0.20585902806262965,3,6,10,4,2,4,7,3
339,Freaky Friday,1976,1970,Disney,Animation,0.28769417115711415,0.6139720937502444,0.10581481490540967,0.11100047005504832,0.42911480443158057,0.7636113853601778,0.3486757069155081,0.1544230771815058,1,5,10,4,0,1,6,2
340,Apple Dumpling Gang,1975,1970,Disney,Animation,0.29699139267133534,0.6298099147129244,0.11089582112920826,0.15874090335123459,0.4503659681393673,0.7880922682738681,0.3482283109302309,0.1845409662744687,1,5,10,4,0,2,6,2
341,The Littlest Horse Thieves,1976,1970,Disney,Animation,0.2507221865729234,0.7143660676220867,0.049050104563523655,0.10319987198616598,0.42982455523154384,0.7727430138877909,0.2760347839113926,0.1771034686644036,1,5,8,4,0,2,6,2
342,Charley and the Angel,1973,1970,Disney,Animation,0.2617493794411651,0.694139260067514,0.07591493662720672,0.09612773804213048,0.4156374400847348,0.7623231300978436,0.28145734967016467,0.1777510668374435,1,5,8,4,0,1,6,2
343,RocketMan,1997,1990,Disney,Animation,0.34212422219706784,0.5206044394518239,0.1616369677424303,0.2063811456031256,0.48883248195797263,0.8104255323308706,0.37999741901821105,0.1644639508424082,2,6,10,5,0,3,6,2
344,My Favorite Martian,1999,1990,Disney,Animation,0.2959179020208381,0.5836328062250669,0.16827780581106933,0.17855056554642135,0.4274009626689445,0.7551842076278441,0.34074537114580306,0.13994303914960038,1,5,10,4,0,1,6,2
345,Blank Check,1994,1990,Disney,Animation,0.24704866719884944,0.6881293767945373,0.12377599496860803,0.14505933879331523,0.38446182564206066,0.7301747647810458,0.29319764181727537,0.1483573063356076,1,5,10,4,0,0,6,2
346,Squanto A Warriors Tale,1994,1990,Disney,Animation,0.38743408665432016,0.48547369700067833,0.24901168250406236,0.2738311943484164,0.46465487501842023,0.8007257320813828,0.4321035444679908,0.2146588147430646,3,6,12,5,0,2,7,3
347,George of the Jungle,1997,1990,Disney,Animation,0.44589742574005325,0.513647646507704,0.2820095256883839,0.37317826528606435,0.531666920507,0.8274196915536011,0.5215944822412981,0.3501768150913011,3,6,13,6,2,3,7,5
348,Muppet Treasure Island,1996,1990,Disney,Animation,0.3564450760627663,0.5179888292158119,0.13238025784235474,0.20104399946565998,0.4882411137992426,0.8157818558493957,0.3802773360073719,0.18633249250858924,2,6,10,5,0,3,6,2
349,D2 The Mighty Ducks,1994,1990,Disney,Animation,0.2738134280331718,0.6366218146067841,0.12535121650628656,0.12925082899925122,0.4398270779641478,0.7702194456321396,0.3253648934287505,0.14944602140708546,1,5,10,4,0,2,6,2
350,Homeward Bound 2 Lost In San Francisco,1996,1990,Disney,Animation,0.25475705367113066,0.6535673181921164,0.1987428666638268,0.19370366718672605,0.3857653739584991,0.7206334401489423,0.26152129475938,0.12740479560169138,1,5,12,5,0,0,6,2
351,First Kid,1996,1990,Disney,Animation,0.22910586154301166,0.754158999251823,0.1949824363002396,0.2261493800637483,0.3501933752487404,0.7139886510294059,0.2854800472814947,0.17755466784988302,1,9,12,5,0,0,6,2
352,Man of the House,1995,1990,Disney,Animation,0.3371256554471329,0.6064556455307208,0.15392733340874099,0.21822353329636057,0.44805407794985086,0.787841026919219,0.3895071676182916,0.23522068883577954,2,5,10,5,0,2,6,3
353,A Far Off Place,1993,1990,Disney,Animation,0.25649196937335217,0.6685423500019443,0.08227590577807686,0.0854869702111809,0.4209675926515559,0.756218295627445,0.282505408151161,0.14561408647059165,1,5,8,4,0,1,6,2
354,Newsies,1992,1990,Disney,Animation,0.312852438096833,0.6271812026898096,0.13230976208249146,0.18958884012664745,0.4738316587211932,0.8075713814629653,0.3426658988815705,0.20845377719453428,2,5,10,5,0,3,6,3
355,The Three Musketeers,1993,1990,Disney,Animation,0.3755833929083635,0.48771210180830615,0.09867054928325081,0.1159981506978992,0.5100477888335442,0.8326215901436694,0.49526564370525383,0.20419988152120797,2,6,10,4,0,3,7,3
356,Air Bud,1997,1990,Disney,Animation,0.24145758456591762,0.6920362819845929,0.11240856850296277,0.11642612886289627,0.40170580694355057,0.740019889005258,0.28770055044138165,0.14201197986924657,1,5,10,4,0,1,6,2
357,The Big Green,1995,1990,Disney,Animation,0.23032854699468422,0.709254342460957,0.07905428653201396,0.08853435932266085,0.40137714362462285,0.738078032127537,0.2743760824653544,0.13781901388467688,1,5,8,4,0,1,6,2
358,Heavyweights,1995,1990,Disney,Animation,0.2647235539645618,0.6525874673898016,0.12283363796815894,0.16245052005473481,0.4232046320714513,0.7575734730641206,0.30117794741000525,0.14652658165890572,1,5,10,4,0,1,6,2
359,The Muppet Christmas Carol,1992,1990,Disney,Animation,0.38654980784211224,0.4991224092032138,0.14831726089292174,0.20612799707984608,0.5103575800243924,0.8344930280660694,0.40380772907631435,0.22250394859078354,3,6,10,5,0,3,7,3
360,The Parent Trap,1998,1990,Disney,Animation,0.2978938671386183,0.6211041587217996,0.10693420977538648,0.10672121989442263,0.42532218876622474,0.7684084620626365,0.347800197386257,0.1780932703315394,1,5,10,4,0,1,6,2
361,The Adventures of Huck Finn,1993,1990,Disney,Animation,0.27621884787677736,0.673585687964779,0.13502490849573068,0.16009168180930466,0.4365997415795573,0.7786613061487146,0.31022469299280453,0.18587584282672334,1,5,10,4,0,2,6,2
362,Air Bud 2 Golden Receiver,1998,1990,Disney,Animation,0.28084079523098265,0.6926001177447882,0.27751172043618444,0.3424858762551525,0.37770706210780575,0.736741890728988,0.3305539158962203,0.21281423978786135,1,5,13,5,0,1,6,3
363,Tall Tale,1995,1990,Disney,Animation,0.2982177182985206,0.6186651497257962,0.07219751016915121,0.11143189240431095,0.4502938404385086,0.7864455350354101,0.29120825873153455,0.17144171998773713,1,5,8,4,0,2,6,2
364,Mighty Joe Young,1998,1990,Disney,Animation,0.27181107583378705,0.6380440574407502,0.10461643645671281,0.10804093530063719,0.4120860274198178,0.7487597376691689,0.3265632984271084,0.14746224334336877,1,5,10,4,0,1,6,2
365,Angels In The Outfield,1994,1990,Disney,Animation,0.27072749762838977,0.6569734303621155,0.12724286701319887,0.16923034617777166,0.43960555903339193,0.7753529034843778,0.30675473580950374,0.16115090711643287,1,5,10,4,0,2,6,2
366,Honey I Blew Up the Kids,1992,1990,Disney,Animation,0.3271542493521413,0.5471440438281734,0.1280006960807557,0.14263326207295346,0.4593586217008885,0.7882790392965783,0.3617399078478726,0.1615180017566051,2,5,10,4,0,2,6,2
367,A Kid In King Arthurs Court,1995,1990,Disney,Animation,0.2741459674416851,0.6318876078502611,0.10655427585279897,0.10592026557775436,0.4165233008581849,0.7511904080139323,0.3320479066935841,0.14629517693988014,1,5,10,4,0,1,6,2
368,Hocus Pocus,1993,1990,Disney,Animation,0.2296508712508229,0.6783231142698991,0.14394357797960255,0.14859246959823225,0.3945368117010593,0.7095981877420026,0.25919783024874954,0.10732408425622365,1,5,10,4,0,0,6,1
369,Mr Magoo,1997,1990,Disney,Animation,0.2936678872521095,0.6059326128312414,0.1537267551642636,0.16697260066381292,0.41479362172272277,0.7542279781520773,0.34809634563682,0.15714637334509446,1,5,10,4,0,1,6,2
370,The Jungle Book,1994,1990,Disney,Animation,0.2847845762782314,0.6002634526628894,0.0969842532556916,0.09195648085772279,0.43049563342193997,0.7551186273102096,0.31573092185582463,0.13401955952164776,1,5,10,4,0,1,6,2
371,Flubber,1997,1990,Disney,Animation,0.3198415281986149,0.53135884846915,0.18390149590856053,0.18460877249683538,0.43188676407208104,0.7537216878052493,0.3558493449733199,0.13419406778788953,2,5,12,4,0,1,6,2
372,The Mighty Ducks,1992,1990,Disney,Animation,0.2663341909763453,0.6448993315168408,0.11708682516506597,0.11964627353773816,0.43300900455596425,0.7626317065270566,0.31321448349250003,0.14327052729836492,1,5,10,4,0,1,6,2
373,Jungle 2 Jungle,1997,1990,Disney,Animation,0.27746604138105185,0.6525312938085626,0.20615545500770605,0.22187909735706468,0.36452114053484425,0.722176251128143,0.31520603587422746,0.16922837137429111,1,5,12,5,0,0,6,2
374,I'll be Home for Christmas,1998,1990,Disney,Animation,0.29542366379235674,0.6524084010065319,0.20098540170700352,0.1828563277976034,0.40946381171606616,0.7598852036858962,0.3477415937718774,0.20243826104019177,1,5,12,4,0,1,6,3
375,Wild Hearts Cant Be Broken,1991,1990,Disney,Animation,0.26442647800806135,0.6590381292038927,0.04843187027308615,0.06219910744241375,0.42445714227864845,0.7609116625875912,0.31811060287207593,0.153355332031081,1,5,8,4,0,1,6,2
376,White Fang 2,1994,1990,Disney,Animation,0.28186057863234626,0.599231604292402,0.12151595397829507,0.08645789803197768,0.42362485072356276,0.7458622957218068,0.34267819705270597,0.1305600839118904,1,5,10,4,0,1,6,2
377,The Santa Clause,1994,1990,Disney,Animation,0.274922636998929,0.6475486207976218,0.12412499188391424,0.13194208424174736,0.4337191785656486,0.7705112474476896,0.2781820451960876,0.157314198493019,1,5,10,4,0,2,6,2
378,The Rocketeer,1991,1990,Disney,Animation,0.2955304991968717,0.6084011340985889,0.12642720479605607,0.167416004204205,0.4431826913136,0.7772029002880235,0.3286201585168187,0.16075364419987773,1,5,10,4,0,2,6,2
379,The Straight Storys,1999,1990,Disney,Animation,0.29079852672679457,0.6729240737532933,0.1579975082251136,0.1941070495947821,0.44289644748879686,0.7848030153421848,0.29593665444069417,0.2087295013940678,1,5,10,5,0,2,6,3
380,Homeward Bound The Incredible Journey,1993,1990,Disney,Animation,0.22322272680187472,0.7079698087837683,0.07675140864296326,0.07394512348134197,0.39584785499019765,0.725318325461103,0.22077498403596219,0.12075870294479762,1,5,8,4,0,0,5,1
381,Tom and Huck,1995,1990,Disney,Animation,0.22875397502415293,0.7237619388641834,0.15926269770568358,0.17827811986708253,0.39542524267684714,0.7389326311062094,0.260396161326542,0.14730703525281544,1,5,10,4,0,1,6,2
382,That Darn Cat,1997,1990,Disney,Animation,0.28004530657533294,0.6422722659114881,0.15332963890844653,0.16961769570650942,0.4117684520034831,0.7555844426494559,0.3295826074771223,0.16551508173396146,1,5,10,4,0,1,6,2
383,Inspector Gadget,1999,1990,Disney,Animation,0.33260348038487847,0.5386380117706593,0.205925832590362,0.23242842100603178,0.42495319889535577,0.763455481743871,0.3740113917359299,0.16419253978282852,2,5,12,5,0,1,6,2
384,Home For Christmas,1998,1990,Disney,Animation,0.35176995972166386,0.5567249820638192,0.1106925740306075,0.1687376434514567,0.4944842570343142,0.8228202959078863,0.382694933156277,0.21397175643714642,2,5,10,4,0,3,6,3
385,101 Dalmatians,1996,1990,Disney,Animation,0.312156626556289,0.5927224381056888,0.16799549891468846,0.19384010889552705,0.40884303740133476,0.7558746075566063,0.3686231977997083,0.17836093104855946,2,5,10,5,0,1,6,2
386,Cool Runnings,1993,1990,Disney,Animation,0.28959800494544974,0.6264860942427042,0.10706581700563922,0.13030748110972967,0.44209427030261467,0.7784697484881861,0.3471176369955449,0.16890129003089466,1,5,10,4,0,2,6,2
387,White Fang,1991,1990,Disney,Animation,0.15715881653470143,0.8166708946152874,0.033717431608028314,0.04730985405441934,0.3529044475460834,0.6825204885691629,0.17231702679530592,0.1051168626387836,0,9,8,4,0,-1,5,1
388,Iron Will,1994,1990,Disney,Animation,0.2566503118270429,0.6735910527776623,0.10219781797893834,0.1431211179362082,0.4236023463925487,0.7603272156643502,0.30706310888034505,0.1525097608146842,1,5,10,4,0,1,6,2
389,D3 The Mighty Ducks,1996,1990,Disney,Animation,0.2682625478530367,0.6599302383554244,0.10620456807889267,0.14814505538278477,0.44384521786435,0.7779820912482456,0.29546129742756755,0.15872840645252448,1,5,10,4,0,2,6,2
390,Operation Dumbo Drop,1995,1990,Disney,Animation,0.2800092498271297,0.662832067466629,0.17780262970966543,0.20303464406246574,0.38821789235679593,0.7425011952374381,0.3354763086830922,0.18472619015385003,1,5,12,5,0,1,6,2
391,Tron,1982,1980,Disney,Animation,0.35186206807826037,0.5082948794983193,0.13369833372306938,0.159889557681836,0.49271528212796606,0.8150633392172968,0.3898097697841274,0.17072070487570695,2,6,10,4,0,3,6,2
392,Mary Poppins,1964,1960,Disney,Animation,0.41116975902153846,0.43787481509117554,0.11770199884051569,0.18408296523902723,0.5473913584550588,0.8615751947499192,0.4479973052668731,0.21324599027586666,3,6,10,4,2,4,7,3
393,G-Force,2009,2000,Disney,Animation,0.32731196569537474,0.5458990309670448,0.12443482609272627,0.13564760523830577,0.4678964578699676,0.7942433624597929,0.36643754214615076,0.16110907006478528,2,5,10,4,0,2,6,2
394,Mary Poppins Returns,2018,2010,Disney,Animation,0.33600227790551906,0.6028751002076933,0.04227389215756694,0.09977057083103924,0.5022062239965945,0.8281223044343602,0.36535093591492585,0.22762699788390836,2,5,8,4,0,3,6,3
395,So Dear To My Heart,1948,1940,Disney,Animation,0.3973377464019705,0.5572526952130885,0.11228358185300036,0.22522496081164467,0.5537220298735096,0.8559054107665712,0.4062150847236897,0.2939852439237569,3,5,10,5,2,4,7,4
396,Melody Time,1948,1940,Disney,Animation,0.564182596517838,0.3764538809512754,0.07346577134239962,0.2692884782445927,0.693555866603076,0.9189648015334054,0.5704305605869602,0.43194201274904803,5,6,8,5,5,6,8,6
397,The Three Caballeros,1944,1940,Disney,Animation,0.4374870831998771,0.4402779860906423,0.28438927679369896,0.3331699821666475,0.49858258363860647,0.8229978718260899,0.5268775982953984,0.26978692455112996,3,6,13,5,0,3,7,4
398,Fantasia,1940,1940,Disney,Animation,0.7741965739318356,0.05639865217244577,0.1330214461265179,0.30818227544326504,0.840723128603788,0.9999999999999999,0.9122576988509068,0.5571108159702086,7,8,10,5,7,8,10,8
399,Song of the South,1946,1940,Disney,Animation,0.31198553058592954,0.6748480852396841,0.3271984062171951,0.380768623670798,0.4173757459424056,0.7629151027317574,0.2657012483829603,0.2439181203703191,2,5,13,6,0,1,6,3
400,The Reluctant Dragon,1941,1940,Disney,Animation,0.30232531380716354,0.5784625458677422,0.10762701574646649,0.10340873454397281,0.4446626258479947,0.7713991856077855,0.3269757808028281,0.14481527164829838,2,5,10,4,0,2,6,2
401,Saludos Amigos,1943,1940,Disney,Animation,0.6126089097462138,0.1681277191283499,0.23409355866827253,0.3283616045081049,0.67574943868595,0.9434082923911696,0.722947380655097,0.3483287894676986,5,7,12,5,4,7,9,5
402,Pete's Dragon,1977,1970,Disney,Animation,0.3418028167847263,0.587209235012637,0.1008838881950862,0.13695666529738382,0.4899288973441909,0.8192955044202674,0.3685001155178914,0.22347132648861281,2,5,10,4,0,3,6,3
403,Bedknobs and Broomsticks,1971,1970,Disney,Animation,0.37668253378552197,0.5114487411564772,0.06942352294083198,0.11997452560515864,0.5139860927372473,0.8372041349703029,0.463049142661357,0.22373295663428264,2,6,8,4,0,4,7,3
404,Fantasia 2000,1999,1990,Disney,Animation,0.5994686193322054,0.20509621792045007,0.19241956173418018,0.29463191591059434,0.6857785227000314,0.9476081213769976,0.7275799535307801,0.36061139432166545,5,7,12,5,5,7,9,5
405,James and the Giant Peach,1996,1990,Disney,Animation,0.34125281290804277,0.6341980442893607,0.16698588402689563,0.27326946858878276,0.4576360739724863,0.7904863036809953,0.3881264389689648,0.2673423100006764,2,5,10,5,0,2,6,4
406,Chicken Run,2000,2000,Aardman,Animation,0.26757869341746177,0.6318146754726084,0.0655145842070487,0.07375741450531326,0.4412028947018614,0.762777700066089,0.30419641632941385,0.13267929196152853,1,5,8,4,0,1,6,2
407,Wallace And Gromit In The Curse Of The Were-Rabbit,2005,2000,Aardman,Animation,0.39709012966595325,0.45606150463279116,0.21275877574337998,0.2721629653748662,0.49632012889429167,0.8233961709808083,0.4532575422120657,0.2066178772217076,3,6,12,5,0,3,7,3
408,Flushed Away,2006,2000,Aardman,Animation,0.383968173763961,0.5436628713440848,0.09076284787455535,0.16174091648321842,0.5274515004329536,0.8437201330561134,0.4417821873397312,0.2629262468910404,2,5,10,4,2,4,7,3
409,Arthur Christmas,2011,2010,Aardman,Animation,0.26830689930381607,0.6450489449278782,0.14604228265503205,0.18490322511117563,0.48312805464252434,0.8013544758960314,0.309894891489355,0.14645759642479078,1,5,10,4,0,2,6,2
410,Early Man,2018,2010,Aardman,Animation,0.24456045240000673,0.6557730810773221,0.12414095496503907,0.15723970860662773,0.4145661724631982,0.7291740789023643,0.2970348109984099,0.11497774174920986,1,5,10,4,0,0,6,1
411,The Pirates In An Adventure With Scientists,2012,2010,Aardman,Animation,0.34363865677300154,0.5382783052880931,0.1477678885715199,0.16081672415399106,0.4805730312375254,0.8095311141814685,0.3699974266079936,0.18213179905560983,2,5,10,4,0,3,6,2
412,Shaun the Sheep Movie,2015,2010,Aardman,Animation,0.47269118315727954,0.5699623597782586,0.11307997578022755,0.3347845450108716,0.6289577627184877,0.8623364481639781,0.4427507032197897,0.4370815206712412,4,5,10,5,4,4,7,6
413,A Shaun the Sheep Movie Farmageddon,2019,2010,Aardman,Animation,0.0,1.0,0.9313791733622332,0.9186437922853535,0.0,0.0,0.0,0.0,-2,9,14,9,0,-22,4,0
414,Surf's Up,2007,2000,Sony,Animation,0.22889455979941045,0.7216758881589942,0.0926165848452093,0.0865035791162948,0.4035997545616934,0.7442213205266149,0.2858984357286646,0.14762770031124658,1,5,10,4,0,1,6,2
415,Open Season,2006,2000,Sony,Animation,0.2127506420275609,0.7276615578167434,0.10706582222673144,0.11969301945093813,0.39661415030780683,0.7260596361468806,0.231561473661258,0.12171923026336268,1,5,10,4,0,0,5,1
416,Cloudy With A Chance Of Meatballs,2009,2000,Sony,Animation,0.3177713542611508,0.5591952394508999,0.15219989065748085,0.1550123391832572,0.49470224484590897,0.8123735015371959,0.3894095369109527,0.15940210667474497,2,5,10,4,0,3,6,2
417,Cloudy with a Chance of Meatballs 2,2013,2010,Sony,Animation,0.2836632990642586,0.6099166828990401,0.1631681477729926,0.16641775006595905,0.4978535856661404,0.8090196479512978,0.35673016806529245,0.1446757244041859,1,5,10,4,0,3,6,2
418,Smurfs The Lost Village,2017,2010,Sony,Animation,0.26498426008790843,0.6499411163374997,0.1405128203992011,0.16097345474725633,0.4309657597015985,0.7623245714196888,0.30224053873560996,0.14464514238461915,1,5,10,4,0,1,6,2
419,The Pirates-Band of Misfits,2012,2010,Sony,Animation,0.3603952492840423,0.49245296868306965,0.1391199478315608,0.16906267468366232,0.5008725246793778,0.8210755117556656,0.3841073423960082,0.17013167991471265,2,6,10,4,0,3,6,2
420,The Smurfs,2011,2010,Sony,Animation,0.2865588391293839,0.5975555889119555,0.11683833033743851,0.12212322045035484,0.43469397179892627,0.7585664469333845,0.31817745588193946,0.13476673706944609,1,5,10,4,0,1,6,2
421,The Emoji Movie,2017,2010,Sony,Animation,0.26929066670734614,0.6427150455008817,0.11362807400074348,0.11397054072022916,0.41419599861013673,0.7503119451221102,0.3202727809292444,0.14689724438981022,1,5,10,4,0,1,6,2
422,Hotel Transylvania 2,2015,2010,Sony,Animation,0.28284997881417784,0.6070459016953555,0.12763656947210678,0.15083032569635713,0.4217608569663515,0.7505529749154389,0.29938936815956174,0.13553395615263206,1,5,10,4,0,1,6,2
423,Arthur Christmas,2011,2010,Sony,Animation,0.26830689930381607,0.6450489449278782,0.14604228265503205,0.18490322511117563,0.48312805464252434,0.8013544758960314,0.309894891489355,0.14645759642479078,1,5,10,4,0,2,6,2
424,Angry Birds 2,2019,2010,Sony,Animation,0.283377156568835,0.6095854429088057,0.11028674314680864,0.13972030774297084,0.4215976069419157,0.7523564499291546,0.30072574616956094,0.1388519096731532,1,5,10,4,0,1,6,2
425,Peter Rabbit,2018,2010,Sony,Animation,0.29911097615036264,0.6166130736064028,0.13838138226533925,0.1493686640900025,0.4147629817277344,0.7601709060654223,0.361283302091468,0.1773481420540244,2,5,10,4,0,1,6,2
426,The Star,2017,2010,Sony,Animation,0.24500690846370066,0.6866303983821282,0.06046367555037957,0.06998075835111262,0.4025239127865968,0.7411781670247521,0.2765506276011317,0.14219978073109762,1,5,8,4,0,1,6,2
427,SpiderMan Into the Spider-Verse,2018,2010,Sony,Animation,0.296773600927977,0.6648198394781635,0.2856010855637853,0.31312271440135875,0.34880965910556044,0.7154204514463224,0.36193989856464637,0.21739110846889345,1,5,13,5,0,0,6,3
428,Goosebumps Haunted Halloween,2018,2010,Sony,Animation,0.28011294884541976,0.6137530076916184,0.14219682449690474,0.1599542055768891,0.4004333603943717,0.7357386971399349,0.3103747154491474,0.13794758782146505,1,5,10,4,0,1,6,2
429,Hotel Transylvania 3 Summer Vacation,2018,2010,Sony,Animation,0.31652635086670866,0.5575908219124535,0.12041406368400887,0.12411090257215807,0.4377313395628545,0.768780216553992,0.3872429417601192,0.1556108431068013,2,5,10,4,0,1,6,2
430,The Smurfs 2,2013,2010,Sony,Animation,0.22419063066746373,0.7280936015122808,0.0741504188005665,0.0627658555083368,0.36440649880405657,0.7143491908877909,0.29501007322961625,0.14626302067343488,1,5,8,4,0,0,6,2
431,Hotel Transylvania,2012,2010,Sony,Animation,0.2736337403646292,0.6328619128513777,0.12025446025264475,0.1036200806267008,0.4125120925069386,0.7482445711102734,0.31495157256361417,0.14479830273685435,1,5,10,4,0,1,6,2
432,Goosebumps,2015,2010,Sony,Animation,0.2314083719604156,0.6895588323735344,0.11173709073236315,0.10695094158187146,0.39651838025586605,0.7235049197792156,0.2810341344297649,0.12222080293928302,1,5,10,4,0,0,6,1
