frame_id,centroid_id,red,green,blue
0,0,0.15129821091655546,0.26336031840913865,0.3039085311705963
0,1,0.4352411011511408,0.41703331403403426,0.29517512339859975
0,2,0.6090913118383715,0.5076596931658561,0.36499811305279006
0,3,0.3364186681577407,0.28427019567776185,0.172178318025047
0,4,0.09104574880150484,0.05530071108901952,0.04626871505200717
0,5,0.20401448732359295,0.1831267640814406,0.10938468839766043
0,6,0.5980351302710145,0.3737445411326018,0.15422012647585567
0,7,0.7182734077237671,0.6254262142015095,0.5896135066048687
0,8,0.4361002471703739,0.1172192205091081,0.0592040813250779
0,9,0.25667482995566576,0.03923047589210499,0.04392008966575602
1,0,0.12946902896952256,0.15141376469979945,0.16978914957704141
1,1,0.10341933605124827,0.11223383808968979,0.13509648611921862
1,2,0.08281289184682553,0.07316467556806898,0.09876354383403445
1,3,0.15654012918796156,0.2063318287886101,0.21331502397595392
1,4,0.05446840718850642,0.03643510057877079,0.059267816723448295
1,5,0.02549513947658605,0.010580471251193733,0.01501426315739318
1,6,0.20137931832516986,0.2692424742100837,0.2648337470131001
1,7,0.30475663994773083,0.3816351316263502,0.30766640701560183
1,8,0.4831116485288214,0.49733741138535065,0.46252696967541335
1,9,0.23441668905004803,0.19670516608469746,0.5744232548422695
2,0,0.3617782931745436,0.327096838883791,0.25543498952979427
2,1,0.420316396833109,0.4375058416349125,0.4395815307165238
2,2,0.17827438690744138,0.21539249336504765,0.14443966513629378
2,3,0.19113759388143442,0.3337659558691032,0.463449327867264
2,4,0.12388960620546294,0.23326033985172612,0.2972682991860362
2,5,0.08775444264932265,0.12279540055121085,0.1181827742405057
2,6,0.05848183534697566,0.054044388766519035,0.030071937850612428
2,7,0.3293419786981256,0.32923309383333293,0.3818048562026553
2,8,0.5022832337297223,0.5372766917848995,0.5120568694419333
2,9,0.3540447439623325,0.1067817416574639,0.04301115676258202
3,0,0.18550339934965565,0.06061848457977948,0.05782412060301253
3,1,0.06471452512826661,0.045110712865533226,0.04093988368563279
3,2,0.27578103046013686,0.1644470640114353,0.10750731709425772
3,3,0.41086296141781525,0.2910724825785509,0.13028137023130507
3,4,0.41495602549299404,0.34193675555431896,0.41781882690845357
3,5,0.4505354209552159,0.12209365188281159,0.1864845195766513
3,6,0.11732044050497385,0.1904646790222936,0.30024388933655416
3,7,0.5532784445987303,0.6042802021574156,0.5871894068304222
3,8,0.6932837776666009,0.7833845567388656,0.8675386558025373
3,9,0.5952418462547134,0.47668747505194115,0.24083391387362027
4,0,0.06374070992083335,0.06628574946854167,0.10784153517862653
4,1,0.024789832034044234,0.03021521593520187,0.06040578749108327
4,2,0.08041823958185633,0.10635192670715686,0.1679023089780051
4,3,0.10855065114313966,0.14858848760363502,0.21680092427074193
4,4,0.15834047163648168,0.20730988319256727,0.290908735327408
4,5,0.31813611296357974,0.2744099223786527,0.3249804347892328
4,6,0.2597838688398034,0.0074293716592665465,0.15255853095681085
4,7,0.47851721333693986,0.41329176832024533,0.4527853076714505
4,8,0.2552526624258371,0.3689543277821602,0.19326042932361268
4,9,0.05708726238587054,0.052956144289776595,0.6040076335877814
5,0,0.03656814126875089,0.031988982884100514,0.07129448850242963
5,1,0.06048775885654028,0.06337673160683331,0.11181895372423124
5,2,0.08240900460218831,0.09480567071728176,0.1603717715362502
5,3,0.017138865630716107,0.009008340980247453,0.024949561735386885
5,4,0.10423665237339001,0.12252660136863093,0.2115786915294581
5,5,0.13278280987388322,0.16005780762963148,0.2566573431422103
5,6,0.1671539580515947,0.19970465076286587,0.3059757678848497
5,7,0.39060922927853226,0.3852030091377413,0.4105233692654002
5,8,0.23564367621308013,0.26218221570955247,0.390777236161404
5,9,0.2419470371174246,0.1510599811880484,0.17672744374502503
6,0,0.036053763510825385,0.015129543856785074,0.01625192487978998
6,1,0.07515144067668635,0.05365852530572022,0.04478990558443338
6,2,0.13883291351805666,0.11085099027016451,0.11468637328987104
6,3,0.22391724495752705,0.15018094558661493,0.24627191560197986
6,4,0.3595038015206159,0.2750813001256541,0.4669727045747789
6,5,0.11119032437318689,0.0023333768664765787,0.08554571364917529
6,6,0.29584862961233216,0.12339432774244502,0.49461602763978085
6,7,0.40008117322366665,0.26618954849649257,0.6510390172628405
6,8,0.5344866493926608,0.441415734053644,0.8302376095704626
6,9,0.6613569898254354,0.5638499909033583,0.9125008485597763
7,0,0.3745289747818612,0.4319956019790469,0.4625229415994451
7,1,0.4233545405771555,0.3741823316832858,0.31201701640901813
7,2,0.27398959411659024,0.3371069214226113,0.3424333771201329
7,3,0.30882502098865205,0.30153184942746525,0.24480909947110838
7,4,0.19921920327265968,0.2522736988119323,0.23021945952759973
7,5,0.2939319821672955,0.2326458914694205,0.12531009001595886
7,6,0.13932244645175892,0.18147627906746436,0.1542854747216475
7,7,0.13053967273617234,0.10251589220153959,0.07877889131762698
7,8,0.059457401613876304,0.03712939079590293,0.03475967469358043
7,9,0.5512784010022309,0.4117969743560607,0.12855570108004633
8,0,0.13463909591684814,0.11912434187463086,0.13319177900400733
8,1,0.09923104039854758,0.060532850775188406,0.09540598340815376
8,2,0.05663064281432936,0.020602529638609385,0.04694583640067378
8,3,0.19144720747382318,0.18730113020905145,0.17887472378039682
8,4,0.2613066683722803,0.2730652623499622,0.256699855730561
8,5,0.452198303718331,0.3614512335685554,0.3567867921888556
8,6,0.49112775544998993,0.5305474363658791,0.5199899525027519
8,7,0.3253181974543987,0.1822001270143655,0.20590153740309056
8,8,0.2659940545896642,0.01500899151561568,0.26934710586634714
8,9,0.48439251590766336,0.0194801827139781,0.4459477789081157
9,0,0.6800010519631805,0.5111256382223529,0.20770337642625747
9,1,0.29460542042188326,0.21443464590667882,0.14423339901586185
9,2,0.20452012853261206,0.12063823689537123,0.07386681616463331
9,3,0.09163533288574491,0.06655473360110349,0.07430307861942087
9,4,0.3455464151974595,0.2923204855541748,0.31764942549134456
9,5,0.5280570949529216,0.4593000007419516,0.4905401244871172
9,6,0.44930944294795777,0.3846108627313982,0.4193267797807438
9,7,0.1927146321040262,0.15698411789252115,0.2183946606880352
9,8,0.36513677290848773,0.10817211232188793,0.03384987935643412
9,9,0.33878150125529183,0.20631177106174173,0.4045623192551136
10,0,0.06530031618646796,0.03108384364419154,0.03682275993788504
10,1,0.07956205817762146,0.06842698670898321,0.1460997037915919
10,2,0.0823396173722294,0.1088342683979597,0.24835880045258693
10,3,0.15455956897703754,0.2289546710719488,0.31701665575627724
10,4,0.20261396238445348,0.17906663249720262,0.21232725158918658
10,5,0.4988027692009572,0.47264771857602733,0.5100424880584733
10,6,0.3254066176974647,0.3821531113988939,0.38978052607588287
10,7,0.7185930676769631,0.6382277435193335,0.7349545279253503
10,8,0.296047882078242,0.309007838483579,0.2679803613823866
10,9,0.4395327350214709,0.3681938371165072,0.21955573413526192
11,0,0.7993892820095837,0.713554786384322,0.614118611033314
11,1,0.6849660427625621,0.6000825968994351,0.504002976131505
11,2,0.5345715864333969,0.43777393658244146,0.3551812953504741
11,3,0.409205734039697,0.3227595689767429,0.2641438444457539
11,4,0.3054278209025344,0.17763577750886161,0.1321240354311463
11,5,0.24484952936497403,0.4843624656543879,0.17250118925994934
11,6,0.14500158520069564,0.3319685509587473,0.10862533737930155
11,7,0.1064196014456375,0.13147541822612704,0.07293477913192803
11,8,0.38486206051820443,0.4218396629003631,0.5821074096818969
11,9,0.7013038177530029,0.06222974663663601,0.08333679385412432
12,0,0.04175294341691422,0.037013454019982496,0.11399300226660862
12,1,0.04571434454072662,0.06198604047851553,0.17238107003393943
12,2,0.019830192216919885,0.009231599219583851,0.03582831305351205
12,3,0.06449342258268448,0.09422428317676396,0.2207683487752614
12,4,0.08436814591269672,0.12742864253278663,0.2655312837473323
12,5,0.1037279812106265,0.15723758347865813,0.3096103341518087
12,6,0.13301731011598114,0.19622058180510668,0.34292977357099674
12,7,0.1659105343648061,0.23609255487889394,0.39223535096147033
12,8,0.2575223916727166,0.3484446865165842,0.5245703219559418
12,9,0.33084516565246647,0.001757944557132748,0.02685598377281881
13,0,0.07648615322421015,0.03815389798545167,0.036132740381305796
13,1,0.20984801404475897,0.07281322727990067,0.08871205607113469
13,2,0.323813811445113,0.10189323382779743,0.09342329278282639
13,3,0.45402456560163307,0.17190842599402145,0.08440483116180397
13,4,0.6102421991181637,0.3294611173347587,0.12176996870694586
13,5,0.4471797054567151,0.3821526063391839,0.26904344371611943
13,6,0.22301879084966525,0.30744532428353355,0.08753833584715884
13,7,0.14014955907152607,0.17436582181074406,0.030332499470466706
13,8,0.30707928568996745,0.46968268844951877,0.14442613411748093
13,9,0.4997699402688874,0.6226622403535919,0.25458536482408545
14,0,0.05244194743441757,0.0301399800334839,0.042457172103581554
14,1,0.08449571093134002,0.057741968877805847,0.07465402767779204
14,2,0.12081161949735367,0.10021781279359737,0.1256464301339316
14,3,0.025773663905430712,0.00965362006728927,0.014801466599440358
14,4,0.1719039435998987,0.0624560475875732,0.06306881104501921
14,5,0.16160495381275192,0.14894557639627928,0.19157869812555547
14,6,0.20830293824887658,0.20330057897039494,0.25938011248766973
14,7,0.2690129138426129,0.1570485036119698,0.14772097174573776
14,8,0.3755054774663392,0.3310175721941034,0.32325715070808053
14,9,0.408431145989702,0.38118162917114684,0.3571137031827716
15,0,0.048898277359729694,0.04060369637817411,0.04915681458506038
15,1,0.1321599429280467,0.08274539897662302,0.06371137269063122
15,2,0.19975841127708333,0.1403644200709553,0.10968592410586761
15,3,0.09071966463355291,0.08744204406889766,0.160081032351185
15,4,0.30509476748804126,0.19281689823622303,0.14910590558694703
15,5,0.48701163508186124,0.025890387850849874,0.08489858701006305
15,6,0.23285661464816157,0.20804353409708834,0.3539002588223872
15,7,0.4547689103210639,0.3835807343811757,0.5374912154701762
15,8,0.5464227343399952,0.45162427928722354,0.34741673310833143
15,9,0.6272346259642219,0.5434227386189638,0.4224459041619081
16,0,0.1402521395168335,0.09974233372818889,0.10983902393028641
16,1,0.09467479819674472,0.04165577064127592,0.04724341501763628
16,2,0.2464866429268808,0.16270787827115657,0.19955101617787016
16,3,0.24951132155651093,0.0943530784234419,0.06970589554974366
16,4,0.342059605453464,0.23870658637744077,0.26079268939105693
16,5,0.4316919910428616,0.3125708503870862,0.3146530822169228
16,6,0.5186579123595678,0.380292911017242,0.36251099872608233
16,7,0.44257294092200056,0.29042638470053345,0.15118016057817157
16,8,0.7517604891418898,0.5837561786960866,0.5834469510623822
16,9,0.5072268907563006,0.08801562730354943,0.08350434910805933
17,0,0.04002554955697115,0.028820852851314346,0.03888334145090636
17,1,0.10240509416975725,0.08424702012927363,0.07835011482067429
17,2,0.2239465999165671,0.09337476443256089,0.09406959849235788
17,3,0.1592320714804449,0.14642165663392442,0.15287755578809947
17,4,0.418269302979201,0.18693287272961043,0.10738897054352417
17,5,0.22442945836009942,0.21028297253392253,0.2166917274295868
17,6,0.30619248325109816,0.2916777098824689,0.32682581167640773
17,7,0.40249036395664695,0.3963734901553484,0.4283727847274824
17,8,0.5165296993436628,0.502565119828078,0.5161753685523987
17,9,0.538289773227739,0.32775420880105754,0.3500748797982511
18,0,0.06328781668023925,0.02862951483305542,0.03390173823629727
18,1,0.15021023924549318,0.061817683941591435,0.06165615374286961
18,2,0.12055786291460459,0.10385340735717527,0.14718349155223437
18,3,0.32063658169397047,0.1714977609244429,0.12248284876728614
18,4,0.197415759428902,0.19510728625972817,0.24889056020648082
18,5,0.23323621003060255,0.10723310271115033,0.08630571868896465
18,6,0.44799690040576345,0.2648370597227661,0.1662691674997668
18,7,0.282332311584672,0.2867236899722995,0.3131735513063594
18,8,0.3528184585110597,0.3898425209621012,0.494177113911424
18,9,0.45345393065348866,0.5160672216114739,0.6359759421280259
19,0,0.09060666040808286,0.030294485463291772,0.08236559557833162
19,1,0.10177543420906983,0.0785608361795921,0.15732498118688512
19,2,0.1496557039950733,0.14302312976039752,0.23799948955250874
19,3,0.04605091239779364,0.01004839738603619,0.038724051583823055
19,4,0.21298323027047064,0.20601162176442997,0.3269881814321642
19,5,0.16144307718925405,0.024440026572544318,0.09613409002990027
19,6,0.2044872499306713,0.07875250091139854,0.12511045873735752
19,7,0.31219242398169705,0.1373627874328613,0.1857517432380227
19,8,0.31206184504763096,0.28285810560557195,0.40967888362562993
19,9,0.6889445139758087,0.6506188290919177,0.8548264695949152
20,0,0.11597075405218435,0.09506358040045751,0.18002554615925861
20,1,0.12344085568076467,0.06575570368454868,0.07071313752597663
20,2,0.07525857062655064,0.04069079063027004,0.04764585856586835
20,3,0.19053471763978327,0.152533226994302,0.2710264091109648
20,4,0.24317222037355837,0.1951179092998873,0.33932858948851813
20,5,0.315970461273044,0.25268528084171477,0.39858080539298146
20,6,0.4929147250311691,0.011506138303948608,0.12190426577035705
20,7,0.6298759743641869,0.13182500653459603,0.0899432047284251
20,8,0.4858674696372728,0.39501591287620197,0.48972755125589407
20,9,0.5298794144524166,0.4433925809129979,0.537829758769227
21,0,0.3120066425207371,0.4773769132866557,0.08007523281886972
21,1,0.1475384773561485,0.25101198166023236,0.028276926698916245
21,2,0.06389255684307611,0.13271288406220919,0.009905082627988214
21,3,0.13028453852105198,0.06168454905205757,0.009068617325023995
21,4,0.31168148074171415,0.1970054314007566,0.0700854700854871
21,5,0.43735578353314103,0.28748449958321803,0.11524269013598627
21,6,0.6485991391678151,0.4423732185557463,0.19434337637495505
21,7,0.5426078536621233,0.382164721318874,0.13506099165376706
21,8,0.7469615089964118,0.7193352244101191,0.7746150554556336
21,9,0.718204013122939,0.5864939799912492,0.2744362684223844
22,0,0.19524803902789606,0.042284612522379084,0.11312128148165916
22,1,0.29784365301522964,0.035263768775673186,0.11640488633875379
22,2,0.3410498819094581,0.07315412323941389,0.20305128669046096
22,3,0.42119011385921457,0.042675650302940495,0.09642261884326266
22,4,0.09957483535391196,0.038362954399943666,0.09345915471616892
22,5,0.49173063685561774,0.07633364410790842,0.20891487390393818
22,6,0.4436809927321355,0.20432051140746407,0.35238749748773424
22,7,0.6645942668254852,0.5166092490636359,0.5827393026176356
22,8,0.8409857727885122,0.8280524810619789,0.8431218449787214
22,9,0.5091958856822352,0.2340806742714903,0.08088980006658557
23,0,0.13243474873390781,0.01510300419349918,0.2059440714345599
23,1,0.19854647817399737,0.013587091106600087,0.2590911692704686
23,2,0.33018655985023165,0.023551544635716938,0.33177202564227914
23,3,0.272432367037178,0.014703107553439745,0.26777936126336266
23,4,0.40619317938807703,0.05585258804340983,0.4125472626119092
23,5,0.4951069776365025,0.07340405586294725,0.5630738575171853
23,6,0.10616332797012895,0.012775449825249084,0.1094799236195535
23,7,0.05951713406156355,0.0017194489295919444,0.04815913272391829
23,8,0.5370034796435698,0.08917748247271139,0.6589298805356505
23,9,0.6230694868286036,0.23658157073209762,0.5437842084955327
24,0,0.0764291890475569,0.08381536311629095,0.2125804620289027
24,1,0.06956867640938737,0.06720631073902267,0.12231622236909614
24,2,0.03244705446688163,0.029915385501499817,0.07716873953541509
24,3,0.013851328339216012,0.009348502531167993,0.031281172565180024
24,4,0.12101646209337762,0.13991286140449882,0.3277738511210956
24,5,0.2028592361231547,0.2350569726415587,0.4936819172113273
24,6,0.13362491863046586,0.12329231618177566,0.16254412398754228
24,7,0.196479326760771,0.18263186994097677,0.22578858980494837
24,8,0.2722748427645116,0.25226685760342354,0.3226833088032606
24,9,0.5597174470213185,0.43278948136108325,0.44382071638432413
25,0,0.08442992011624613,0.07548730070579886,0.12730678134237625
25,1,0.12591308092613868,0.13828608089350192,0.19574873650797228
25,2,0.03551761965612076,0.024822572989467592,0.06906646004626604
25,3,0.1761092896589277,0.2029050529337426,0.24603586059031624
25,4,0.2276216258071008,0.2632180211088193,0.3267935637194698
25,5,0.3136968483651632,0.34202214279280846,0.3876722016266607
25,6,0.3078370977462895,0.1453254845420706,0.3133407606440016
25,7,0.4100930379139773,0.39187642445751086,0.6320795823570664
25,8,0.4486472251483138,0.45148213856700425,0.3551717765334097
25,9,0.7815531184225187,0.6143790849673271,0.1703733244710311
26,0,0.03591458875421206,0.01838312127353779,0.01664097021597003
26,1,0.08901173615568565,0.04274554668465468,0.04153836427968984
26,2,0.18845654662960343,0.04943068066296345,0.06362482219094702
26,3,0.12943870285901568,0.10829099971246355,0.0840763565083003
26,4,0.22395371571443057,0.13753031413910144,0.11401612994192631
26,5,0.33087189522233107,0.13422889895666884,0.1315357198202577
26,6,0.42439237666553675,0.1869054871857345,0.16804449573177976
26,7,0.24725706668489722,0.16920850850508604,0.43209944058973226
26,8,0.45290379207772913,0.4266827040294081,0.46279277668516317
26,9,0.5339395359737534,0.5619717209592988,0.6320631200687606
27,0,0.35457994881154514,0.3893955251759552,0.3775730856033496
27,1,0.24602652825838578,0.24168811274513202,0.23664233708186685
27,2,0.16348583877994607,0.16375797656339616,0.183866135540334
27,3,0.09485824815350061,0.09762007306899159,0.13004609853528207
27,4,0.19513544788510967,0.12409887859496392,0.08865526877948604
27,5,0.09827451471111322,0.13843102904679572,0.05570649206942972
27,6,0.06706605773310428,0.03982626094721695,0.03793657139455993
27,7,0.22238422969978913,0.27177963150305,0.38652404406935875
27,8,0.4367073170731823,0.5278503108560518,0.6076829268292492
27,9,0.4168022940401587,0.11608374575126754,0.33639906555507415
28,0,0.3646078869895637,0.2426200311643557,0.15454523661260844
28,1,0.1784160290962651,0.1875347610915485,0.17215426616077445
28,2,0.11148241813596706,0.12360845589626773,0.11607855606187459
28,3,0.44068680298882573,0.3566112736008736,0.3522787596216064
28,4,0.6041129843676278,0.44219915417150024,0.279838032835147
28,5,0.4686013695107743,0.3293532449928946,0.1900602491294423
28,6,0.2764853235530319,0.17041627625124783,0.11378034224008136
28,7,0.06502441673155608,0.05333180785513053,0.050778447898548004
28,8,0.28243344717290525,0.004225541941418619,0.024810889128051447
28,9,0.3668159158886994,0.0724315941065753,0.08635265919412473
29,0,0.6397367848039315,0.5718083543005364,0.614239054571177
29,1,0.47616228070178995,0.3407463880288994,0.5467342621258252
29,2,0.4051964916008651,0.26409242404567507,0.3873416675520623
29,3,0.3361989419169035,0.25927308867649335,0.1634803423974907
29,4,0.4822637805599927,0.2018633819595873,0.04265998336665701
29,5,0.6062465781085087,0.44081845821693383,0.18126078340768936
29,6,0.7487290596103292,0.5524670583655694,0.2104403803767464
29,7,0.23398969791584884,0.1675995821080271,0.09489986325731047
29,8,0.16915289335740416,0.10190469822310261,0.06822078629934833
29,9,0.07941087747316856,0.051844250884845275,0.03574825842328341
30,0,0.04055037388135379,0.047095374354702464,0.06287004070101992
30,1,0.01545061425326756,0.015604725409693997,0.026523872528189447
30,2,0.07197669955964445,0.07711782269024463,0.09714902437811318
30,3,0.10745007924769419,0.12226873717857287,0.1421555375326673
30,4,0.15048920844362382,0.16965574342565826,0.19603777373943918
30,5,0.19785632393889066,0.22185650872039894,0.24707625179010148
30,6,0.24524215609854588,0.280802653095466,0.3088621949168881
30,7,0.31075992458022383,0.32198871278075625,0.32291846045933825
30,8,0.28704426580094566,0.33397941305299633,0.4078785653552038
30,9,0.38540321847441084,0.4317907688577862,0.5087689789980838
31,0,0.011348911676579539,0.024696642481706135,0.028376461029775018
31,1,0.023325908453861392,0.054407445060137616,0.07052831834734091
31,2,0.052972213743589305,0.07108453781827842,0.11879128737829883
31,3,0.07726774162901888,0.1223928420289003,0.20572372834027208
31,4,0.1824470751439616,0.10955416054650138,0.1884256021076763
31,5,0.17623114015649252,0.10573749346809581,0.05521637419162528
31,6,0.13822000175471877,0.18263099159289434,0.34219175229156495
31,7,0.285193101630888,0.21578712785927753,0.23107454363860527
31,8,0.172424219031436,0.22771197717932729,0.4276007778440109
31,9,0.33711557508889806,0.31258438932066834,0.2699994757998712
32,0,0.06762190313017188,0.10107911125615109,0.14675110821027554
32,1,0.04754368975635504,0.06626410819651489,0.08179856590756537
32,2,0.017112569488309574,0.028423347653010772,0.03378059100730591
32,3,0.08976892545605177,0.1596355282910079,0.25062430763922616
32,4,0.36464437981465103,0.44319667260843043,0.5849287508730393
32,5,0.14494615983015127,0.21081151163853037,0.2905867925374559
32,6,0.12188486684418973,0.14395057058192456,0.17810222338310677
32,7,0.24977914557159453,0.33031624888653804,0.44614609594861493
32,8,0.18623646733576418,0.2639157025369063,0.3638640112443255
32,9,0.5511367737278873,0.6447155058342284,0.843421147600153
33,0,0.02218777899022496,0.06750219058955179,0.10483231656916932
33,1,0.016120485422439667,0.02543047564726062,0.039643500134273084
33,2,0.03574626197515239,0.10889786089473442,0.1426811934819446
33,3,0.06660391878499244,0.175847516848264,0.19583242720056152
33,4,0.19559323933739023,0.18246343045180036,0.28589900639716254
33,5,0.23720697140794206,0.17482007841195174,0.48833054850757884
33,6,0.18805980579810438,0.03681631057808318,0.21260228730129213
33,7,0.3169585189660561,0.30679793098241037,0.38008885197209274
33,8,0.10069104887966937,0.09766179351672967,0.1142416160418745
33,9,0.1724965379002456,0.03996160370554127,0.10532604684075865
34,0,0.0588513850362403,0.11182827050846607,0.20486636025481794
34,1,0.1709704042474866,0.08139865776513854,0.2793761937304177
34,2,0.3832778552377561,0.2635213726746247,0.6475863888155949
34,3,0.8138904678063137,0.25134362017255935,0.6889612880268594
34,4,0.27759750988903575,0.03106603424492844,0.14804010614235202
34,5,0.7353379873350381,0.09884317540245592,0.3278915846494176
34,6,0.753950246680986,0.593004541312595,0.7326395975637952
34,7,0.26160641831323045,0.26862084583592155,0.31213081960407696
34,8,0.5127545322420798,0.45965067951759003,0.5794844335653797
34,9,0.03333228510364956,0.04889345199301919,0.12085537802711706
35,0,0.08360987076735202,0.08461119260393514,0.09248922462521847
35,1,0.05358424961713751,0.047756859931058646,0.046474751006145655
35,2,0.13458668561873074,0.13454100684398748,0.16070813880592827
35,3,0.18415094477248012,0.20317768870831981,0.24758096182858824
35,4,0.24841979621373395,0.26567174334166643,0.35371468172857606
35,5,0.35044195077784646,0.3522784488441079,0.4841259063366532
35,6,0.4526023005632285,0.44395769130912865,0.6096280492623576
35,7,0.5639312132406005,0.5541212637887248,0.7464444961119509
35,8,0.6813399575734572,0.6797451648343444,0.851811877106033
35,9,0.8007566741019977,0.8023467406525074,0.920741540619977
36,0,0.031577700652060045,0.040196522574118924,0.05679104777496687
36,1,0.01593036250564144,0.01070676755630277,0.02054879816712796
36,2,0.047144037597489606,0.07625822936725087,0.09782513532190718
36,3,0.06427394339971802,0.11060313127868086,0.1444629529282425
36,4,0.08187453311505861,0.16918056063280812,0.21743249042389146
36,5,0.16481447502931723,0.18147958145640591,0.32068316027154936
36,6,0.08984201129428591,0.062370380754061205,0.07125748096833655
36,7,0.30228414172688267,0.2788706305734538,0.39547934693451137
36,8,0.1429617050041583,0.14337042875365083,0.27667236441978293
36,9,0.24347877645162508,0.10731128859163783,0.45722264714777205
37,0,0.06535629471111816,0.058203758892237265,0.04422201332081848
37,1,0.1594516645521146,0.1297013544658775,0.11988845431467673
37,2,0.29975364681122857,0.20341524473696995,0.1552886156216275
37,3,0.22351620385929885,0.25368777690902283,0.2704453068892352
37,4,0.4088064122235532,0.31123663715854333,0.23407138214020642
37,5,0.4937967401934138,0.5377679192875552,0.3821103095667289
37,6,0.3510622635871308,0.032834087668004795,0.033816544831265886
37,7,0.58597313865889,0.39404581402963695,0.2453306191211518
37,8,0.36235957385067813,0.45665593463129134,0.6552805759372307
37,9,0.76268694767909,0.5390409487389006,0.319606697317369
38,0,0.3553105015022181,0.20594885956970127,0.12303895177108896
38,1,0.28547027666148656,0.16366286475659048,0.09864212424070949
38,2,0.22125236947788346,0.11903281833214932,0.09245732104890575
38,3,0.1579796306439515,0.052996063290196425,0.05641864058819808
38,4,0.10982896204352868,0.040914696887861667,0.03963712897998233
38,5,0.04976422870569228,0.021849985278010606,0.028208583985721014
38,6,0.4307390979293003,0.2876598854915598,0.15938651742827142
38,7,0.5219854717501368,0.37306784586795094,0.18003048313258113
38,8,0.618799981348033,0.4742626658273543,0.2723112074794313
38,9,0.5185768758275923,0.5300467461191068,0.5091300116465813
39,0,0.07413065379678778,0.052189350723073756,0.05316720668959452
39,1,0.15867048735197645,0.10290186061665574,0.08918960687729341
39,2,0.24406287458155923,0.17236828216151123,0.13316033675103908
39,3,0.3465933617409938,0.2441566668299236,0.15209090463828642
39,4,0.3739185969853604,0.32237721374853684,0.2835875460730063
39,5,0.433075113220159,0.40863579813273376,0.4169284709578467
39,6,0.5675469373085021,0.5384677700000431,0.6525766314672403
39,7,0.38390851802671294,0.07290540139723774,0.06265657298525029
39,8,0.60593281430214,0.4990169045560412,0.29424515210494767
39,9,0.4690173020427213,0.37855306756853674,0.23678071838491352
40,0,0.21618966964223219,0.13841535057599647,0.1416745250628992
40,1,0.14866689592947724,0.09421719019888651,0.09705260208309853
40,2,0.07429549314312031,0.08088387265274063,0.07493700009339385
40,3,0.27800036812578777,0.1846400084142779,0.18721963276594183
40,4,0.33146868463255297,0.2330802056184953,0.2321683872589465
40,5,0.3791459596296375,0.2765252148424279,0.26791144271976214
40,6,0.40406769036590917,0.23729577369342603,0.12435510547236733
40,7,0.48240565400457697,0.3528977659062874,0.32770147706654346
40,8,0.5381146760790149,0.39995662119690667,0.3742818311471428
40,9,0.6078783028363707,0.5427045565700648,0.40192925655102263
41,0,0.07749652115321358,0.0592753204684108,0.07583446420194503
41,1,0.09924979405841411,0.08682593734416781,0.11639639416256
41,2,0.1324701500711829,0.12039822375018878,0.1581450491670473
41,3,0.16865893464821802,0.15762830752137094,0.20722966872697085
41,4,0.22321923718980272,0.19571520527404063,0.2721967574908507
41,5,0.05216198991095615,0.03811414279620383,0.03990504253830761
41,6,0.024366389916669538,0.014125371625012411,0.01261756105839515
41,7,0.249977702012554,0.276699322428909,0.4005401867276401
41,8,0.34146963444874034,0.36475608164413814,0.525535375440477
41,9,0.325681005428067,0.23716417398571132,0.18955786480596817
42,0,0.08997633616350298,0.09207628851341804,0.05099366101839933
42,1,0.05085921784580483,0.03772033662183541,0.03229435359702653
42,2,0.1104796239927646,0.09083230161274203,0.12309736351325472
42,3,0.17898916104854365,0.16243042746333555,0.17931242331246175
42,4,0.14062663535343453,0.1746013480659559,0.07029863068781282
42,5,0.2409375413191501,0.23056059920407038,0.23218710601344653
42,6,0.3765368035567431,0.36982675909785473,0.41308563397790893
42,7,0.4365527327037843,0.3412506287889443,0.06261596942399876
42,8,0.4650404749055749,0.036603705702467314,0.2301403130059308
42,9,0.2992885592101028,0.13259677519319332,0.3067402572408002
43,0,0.07776851691325538,0.061371156185566,0.08398729853916818
43,1,0.10928851601949362,0.09704253598420855,0.14793598967901306
43,2,0.13145993725352426,0.11109911325456126,0.2176036242756275
43,3,0.03983945778898994,0.026020015714925022,0.03171153429115524
43,4,0.18453131811370624,0.16233909842387378,0.2842502300318657
43,5,0.26094456056535104,0.21232208619488835,0.2561759729272393
43,6,0.3734732159290667,0.2944035213446082,0.2804458072424277
43,7,0.2822405257582612,0.209525044858071,0.4599844347882544
43,8,0.18364107321001033,0.07030937337743844,0.03201019771194331
43,9,0.24948589663281817,0.12245171500964215,0.06970600693719943
44,0,0.29019883074230524,0.19000351156914144,0.10084173262726062
44,1,0.37733517741852507,0.23858708423447986,0.13529919585139952
44,2,0.4825072713242157,0.3040699630003401,0.1628140556218705
44,3,0.5722949112439335,0.3672886617909855,0.18603485729513825
44,4,0.5961858603175814,0.4387214032253024,0.29447482769472966
44,5,0.7222889484898476,0.5044263848836934,0.309654694925658
44,6,0.18231004569602308,0.12911716847284133,0.0706511604823111
44,7,0.08510474035619328,0.053834704349385316,0.031101106112926626
44,8,0.8084110206581872,0.5696849833683187,0.3620043329831957
44,9,0.8850844203185562,0.6688711955514333,0.4687186446550807
45,0,0.17806808762044948,0.08436191767598311,0.10338225859553583
45,1,0.11267661723676158,0.05187588964507548,0.07085587997607101
45,2,0.0609075130795786,0.03221839999008616,0.04252677296775863
45,3,0.25298084892620004,0.1085263612745338,0.13661724765369462
45,4,0.34140578549387324,0.1648792227540593,0.18512600067321877
45,5,0.2407451426297795,0.2030873820708185,0.18062025474933638
45,6,0.38969843097827234,0.2529830433386384,0.23172998305606302
45,7,0.49361928608580624,0.349125247466876,0.31649228064659407
45,8,0.6038036904349355,0.5369806232906319,0.6298308871682216
45,9,0.5637768582423558,0.024757845595695025,0.14944349126742876
46,0,0.12772763858679786,0.17914919294316659,0.25823354464662984
46,1,0.09407786761662226,0.0945557342066451,0.11545525432955121
46,2,0.11118941716499846,0.14065295731217595,0.1992283123107751
46,3,0.05623814762518743,0.042133977268410325,0.057993368899144096
46,4,0.17330812225984663,0.21558570726064552,0.3052156447178091
46,5,0.23979129674929553,0.33216382290706703,0.4383560808699939
46,6,0.2387329196458637,0.24722532192641908,0.381590315539995
46,7,0.3696022227171386,0.36251413058461796,0.5226324775448017
46,8,0.4655138805923243,0.45630835979503315,0.6064199704467795
46,9,0.27729526372174906,0.12112514637366864,0.09183297207066207
47,0,0.04305144713569121,0.037250697470725694,0.07525612352353109
47,1,0.06734263547611322,0.07078730966383998,0.1165988078458554
47,2,0.0933840847228666,0.10451067999935179,0.16483250615290596
47,3,0.1375266390400638,0.03640169785351405,0.05754737157276799
47,4,0.2592891081347417,0.12672393189357814,0.07814456840755682
47,5,0.12296367518300519,0.14931650793194803,0.22835714752680758
47,6,0.31527450625116626,0.19014918161501224,0.23945585481882276
47,7,0.1525181942028192,0.20074580277847248,0.29861771226111894
47,8,0.42756525588769473,0.39943342034852014,0.5693693693695135
47,9,0.1839949185080154,0.24722429568137036,0.35546047986929064
48,0,0.22767008708388078,0.1814491628359772,0.21634491804822767
48,1,0.29300116647225927,0.27410487141030454,0.38610176081762865
48,2,0.1674697040620542,0.11226585299608303,0.15183555532441584
48,3,0.1383044480491697,0.06291471015114987,0.08458224151560728
48,4,0.3706482370764181,0.24590644606607576,0.2474322999692845
48,5,0.43481213463125523,0.4864378709941919,0.5513161151539191
48,6,0.053831058567168404,0.025854505745690506,0.04812411892865459
48,7,0.2575551992349344,0.09961954046493995,0.10369068471847517
48,8,0.385860872291457,0.1927747314356026,0.1280759742982173
48,9,0.47952859021756117,0.36999393261056274,0.3360723262974592
49,0,0.42744554943526225,0.35354860810841715,0.286544525839143
49,1,0.2987032482303703,0.25143209187232696,0.21604233615015572
49,2,0.4111753396537707,0.26930878565378336,0.09812798337313
49,3,0.7684537131576556,0.5629893957928349,0.21321256600250219
49,4,0.6206210526462798,0.4390421531541809,0.17076106868412444
49,5,0.2257985665892764,0.16112612342118493,0.12814543219556218
49,6,0.15987854430306309,0.09373578680489615,0.05663223392120759
49,7,0.5184359249503846,0.4455058043118003,0.5010470523200692
49,8,0.08209189472607759,0.04206094159606573,0.02080880780116344
49,9,0.6230005527404654,0.5535316650970217,0.5999838222293823
50,0,0.07340835927314888,0.08635571271751312,0.12234942469701142
50,1,0.049169104603971406,0.05182983777572802,0.06261112420788614
50,2,0.02020935346228712,0.016177655029443985,0.021680754549282557
50,3,0.12730551892587463,0.15603456635718221,0.19038939264175098
50,4,0.12499277241761841,0.12881640557456706,0.08318981913752373
50,5,0.327880046136115,0.2932951062778011,0.1501334651507671
50,6,0.5190878958508292,0.4309779960864252,0.2298837905834392
50,7,0.17942082960753397,0.22122754132214267,0.2824509650279139
50,8,0.25035378468655967,0.2993025979356661,0.4085431752881096
50,9,0.31942153987696476,0.40755908228395227,0.5629532516819202
51,0,0.023800720085187868,0.011858319677549965,0.02947673412564177
51,1,0.04428981935626215,0.0355208568984932,0.06136771965973843
51,2,0.15999582728092332,0.13300856982022752,0.2532112222524067
51,3,0.2001727976859125,0.20556834833578755,0.30984832626031855
51,4,0.10891263189948767,0.10654777508573533,0.15853199348611177
51,5,0.07479350970609773,0.06789341855377362,0.10531509665718335
51,6,0.13706549053797795,0.182913311793777,0.18983537617312804
51,7,0.2579279535564983,0.2682892393927057,0.3972974681543509
51,8,0.336317936570565,0.31382901258930784,0.4923425596936081
51,9,0.24488911455341783,0.115732054814292,0.5295466085118308
52,0,0.6306593433539059,0.3703042934556479,0.17757071982607855
52,1,0.4679643901245157,0.22465828073903565,0.13695188491489604
52,2,0.3234332021557851,0.10137894070064456,0.07583399973058423
52,3,0.34275560115046244,0.37122049816500924,0.2573755656108314
52,4,0.16638781481105722,0.14061986954240965,0.11206022023909287
52,5,0.43415333883638313,0.5020681567241937,0.34803811932774326
52,6,0.21788427489160433,0.24388115501319005,0.2027511534993341
52,7,0.10121615319728569,0.05974677884468274,0.05460154666703983
52,8,0.5496065408474583,0.6213134560065002,0.4508976129414733
52,9,0.2779151691612567,0.4721046964803029,0.6057334364527088
53,0,0.0896245747368862,0.05957939668710478,0.07552314043817845
53,1,0.04645735779521842,0.027022609151212094,0.03989000221257384
53,2,0.14609027280308137,0.10072898195010195,0.10788375042570608
53,3,0.1992416706419844,0.14289220308730996,0.141011541348797
53,4,0.2553633486091396,0.19587364020101847,0.18381937054060254
53,5,0.31835863146780935,0.26216290223934147,0.22216465779536554
53,6,0.4293169876467825,0.32560833178948095,0.21306795756780947
53,7,0.3838293767839906,0.359599108301573,0.31265081563078123
53,8,0.5216788213923425,0.44550809424583615,0.4921134530105949
53,9,0.6966051549233004,0.5578589961574272,0.6708076601098796
54,0,0.16385238099248128,0.34203592478084227,0.4255548348510149
54,1,0.14218033899487234,0.282875083474139,0.3643944271413795
54,2,0.10885669139050802,0.23215976893260606,0.31585329531498635
54,3,0.09496757930055966,0.18701181324905405,0.2543120967372479
54,4,0.1973679244304677,0.4032577430760138,0.4959401084600826
54,5,0.05072022564379464,0.10821312415990746,0.20060105941193124
54,6,0.057869667837065576,0.14548999467832718,0.2835264837179896
54,7,0.3206282762308624,0.4784644911543128,0.5674237797015749
54,8,0.5279639975170761,0.6087760616350891,0.6808011100157011
54,9,0.8663826305484723,0.8697980772040066,0.9037795505683981
55,0,0.4127256317689732,0.2715930656257372,0.2070284190691905
55,1,0.5302443473675643,0.3883768679334652,0.2780453253482384
55,2,0.30427170267061204,0.16077645689492293,0.11990432625160381
55,3,0.3509695744191031,0.3655962653840788,0.36212765485314263
55,4,0.08876662332414603,0.08482822272631502,0.05923871802109728
55,5,0.15071285316500338,0.23561937029028882,0.1533092665069985
55,6,0.2707335223246071,0.4545738837703291,0.19891713914481313
55,7,0.4566427943444732,0.5368175034494188,0.5428190615643081
55,8,0.4594191021255979,0.6793290211881431,0.30840236152031175
55,9,0.6348855914311735,0.5071349779737004,0.3051882672151538
56,0,0.01758916763899157,0.008489289397617289,0.02441695438114221
56,1,0.060014811270237785,0.037617345136766636,0.05572993357716364
56,2,0.1110066220315534,0.07100182317864338,0.08300406264333891
56,3,0.16630722813388712,0.10918983362437647,0.10624335307956889
56,4,0.23349856433338553,0.17668318976666236,0.14369583915361248
56,5,0.2319843887141997,0.2167753150803942,0.29343593152168457
56,6,0.2519994901401187,0.13158157084512614,0.09595210633272734
56,7,0.30597570341705216,0.24518523704655085,0.1772131488388719
56,8,0.39102770171682494,0.3222657763829056,0.22634807892268632
56,9,0.5342176086120727,0.408458285274893,0.5794117647058813
57,0,0.11012912212433086,0.14413773026596555,0.246051899429231
57,1,0.1391370818971006,0.19299161114529775,0.2895136495185446
57,2,0.18359575023281033,0.24033981541833946,0.3302753876204318
57,3,0.2303339556509797,0.2969077583343829,0.3790968977626021
57,4,0.2969893804142558,0.3415210275454299,0.4110313525562496
57,5,0.3901669768999628,0.3751187397389851,0.45014578219976886
57,6,0.06960204108473218,0.10351000970103146,0.1981732044194618
57,7,0.04575047476390853,0.07157179461385706,0.1560043818629859
57,8,0.026464181781167582,0.04095259264893447,0.1067997244201819
57,9,0.014102405812225889,0.019001965860143948,0.06965229105710338
58,0,0.08511885730510331,0.06558094138033484,0.08638369735499715
58,1,0.041699715135091374,0.036380378899494026,0.07741587365115125
58,2,0.06434287403031223,0.06863267614275517,0.12945210520668715
58,3,0.08853398216788169,0.10938803596789601,0.17857038270274497
58,4,0.14365518901999458,0.11246126510641725,0.13720768827636703
58,5,0.19303773710159808,0.1659471692647672,0.17845780602177722
58,6,0.200653791222944,0.218396522019292,0.27331302022865034
58,7,0.1302351748908402,0.1569144100507943,0.21772008524716302
58,8,0.42356415208084114,0.596963287660052,0.33138174498564993
58,9,0.35138884748019095,0.29955576756805563,0.5016785426791234
59,0,0.12859214067781227,0.04116318907139587,0.0462206671522795
59,1,0.24052887609473386,0.10355632591403455,0.08767059055792012
59,2,0.46016915839260364,0.3089459712062326,0.15401350253648863
59,3,0.23273484548506346,0.19416417685586146,0.25091719695969955
59,4,0.5362439618806646,0.6104010914295894,0.4869753744503107
59,5,0.3702169980366347,0.48249054759634347,0.5223904078466068
59,6,0.521661836348207,0.4611392756589852,0.2589929598477947
59,7,0.693959772932591,0.7111042246745511,0.5066920745338691
59,8,0.6520705597982018,0.5200443761794558,0.3656486073299606
59,9,0.6613633956363996,0.6325341908108305,0.6955496219289642
60,0,0.1891839143065074,0.11777565964648304,0.08974729938271056
60,1,0.10808768622875321,0.05325734267590186,0.050418053653817116
60,2,0.13565870810915262,0.07952698489684382,0.2669407298372542
60,3,0.2813152264593887,0.1751619582797774,0.1196262745450452
60,4,0.39368292808346733,0.2547586366938833,0.18016273283571682
60,5,0.4985083671702559,0.39226481975887895,0.32213730807778823
60,6,0.29063353805198483,0.20538028629475172,0.39435972880616776
60,7,0.7253284622922481,0.5071077242153651,0.7491946608823197
60,8,0.6041674478078402,0.5335026606867624,0.43301919443939973
60,9,0.6593882352940911,0.08066372549020595,0.23140490196078164
61,0,0.024304781516214596,0.0113620190501808,0.02304498116968195
61,1,0.05485711438316421,0.05320041358345079,0.08501382764039511
61,2,0.1551958648815906,0.12801107677760068,0.19174466200036003
61,3,0.23671709301817473,0.21972192850648886,0.2952424236803333
61,4,0.2850204368529429,0.28530120529038483,0.38368532036642716
61,5,0.2041625884351127,0.1811478001483872,0.25798256343465614
61,6,0.380168168350324,0.36763441838828376,0.46031813447404085
61,7,0.4057538553403331,0.4523188126095535,0.5889086281437982
61,8,0.32328993135716283,0.18234863176039443,0.14879059316034374
61,9,0.5034455733154527,0.5595209847781948,0.6933360656327564
62,0,0.08614540364287623,0.07105635885066568,0.0661990393541979
62,1,0.04507418380430295,0.017586803969318134,0.016620333511653262
62,2,0.15059089445556673,0.13232563019894755,0.1149225097523231
62,3,0.2287947338495893,0.1909132163169992,0.15042938934120778
62,4,0.1634906051510076,0.05026573132778704,0.0404442306948218
62,5,0.3043262856743804,0.26934903535285,0.1952546836783494
62,6,0.44066006407533287,0.3574998415183563,0.21863013297830627
62,7,0.6108956014838016,0.4692951775305083,0.2686737511505392
62,8,0.42344431551069833,0.16996340266000112,0.08766223333035751
62,9,0.8038079322637821,0.6688001336898676,0.4369975490196165
63,0,0.05830057213713672,0.01873186933817015,0.028244580274923412
63,1,0.1630531604970259,0.0730457541840735,0.08453409796696794
63,2,0.26789251237289713,0.11603637626725215,0.09417508817815098
63,3,0.2776371598804507,0.22559127389373465,0.3111628334367006
63,4,0.3918282297517496,0.3120691799096997,0.3358970259601926
63,5,0.4969591984451057,0.3986778328087291,0.36299802376361473
63,6,0.36341261523972507,0.18026867757172277,0.11657918318375145
63,7,0.465369738126756,0.28416136514865026,0.1961626959696027
63,8,0.6249689436387482,0.5165167926844269,0.34211242588191587
63,9,0.7372808679027603,0.6661644213240947,0.3935462184874111
64,0,0.0745603244453576,0.07698167335106613,0.10300864032475918
64,1,0.1263422680411832,0.14614780675160066,0.1778303618354519
64,2,0.19764936992165802,0.11546884882988648,0.081947738772892
64,3,0.17919522439095512,0.2563110078713939,0.2030943216279697
64,4,0.3969134489239174,0.3579498634897294,0.39053682232382053
64,5,0.39545875775486883,0.2816843191217405,0.0653449738835573
64,6,0.2750053948850787,0.17469712745959629,0.2934528659352093
64,7,0.43343020342721944,0.14139997024053788,0.32156255409087997
64,8,0.3994251128234011,0.4237182158252011,0.6363709128746308
64,9,0.8717267552182089,0.7722091999355252,0.25582964368542865
65,0,0.12655990432517436,0.13896616981334414,0.19115064710337829
65,1,0.09337102709598649,0.10041675735779501,0.14083665305034243
65,2,0.16326900361629185,0.1779232768176515,0.2386125497464524
65,3,0.07700077874064937,0.076190589927101,0.09361925305583546
65,4,0.05007486953210912,0.042239152778122124,0.05978564720060065
65,5,0.13559943850158077,0.12661805861349754,0.12237130097500798
65,6,0.024819557687064946,0.01424849598178777,0.023198789164576763
65,7,0.2039256826747369,0.22231282921558265,0.2869636127211839
65,8,0.24720187264296148,0.27722629213804023,0.3529848136749297
65,9,0.32321681796070945,0.33895346630643924,0.4105491783199446
66,0,0.2677310666973417,0.20132813520539286,0.2022992932527887
66,1,0.141878614096375,0.08824417498414437,0.1286501193921442
66,2,0.08013494133646282,0.05230794407469147,0.07344115398452439
66,3,0.03112452247630518,0.020519190335037827,0.02447076270647837
66,4,0.4154099038099147,0.30948885897069367,0.3294241355849206
66,5,0.1372071824460711,0.18135458829065665,0.06496827377291449
66,6,0.3451305522208954,0.23923194277712234,0.07029374249699503
66,7,0.4939973294489758,0.3580012995730158,0.09779072590434693
66,8,0.6265857754441537,0.4982672248634517,0.15914614820596182
66,9,0.698837358621031,0.6534815034326332,0.5009176668148321
67,0,0.45196416313670335,0.32780646813420083,0.1920627892005775
67,1,0.5502312818951873,0.40223732167709414,0.1850468211787088
67,2,0.6278374288718381,0.45274334626033963,0.2435931704783043
67,3,0.3519377106774851,0.24611213977115715,0.1696003418316526
67,4,0.2817796403425336,0.18972036071815368,0.1406545069612882
67,5,0.3363871497745782,0.2646956379207841,0.261232434457595
67,6,0.21215889128257445,0.13535911198749298,0.10695715323167056
67,7,0.4516939161946988,0.35048041888587284,0.3712412673492494
67,8,0.14862508977509103,0.07772312024556334,0.056015334717270666
67,9,0.055868668977346464,0.03546109849762094,0.03238217012342688
68,0,0.040319654286404154,0.019220295031629628,0.02407840861330242
68,1,0.1022332155169581,0.05864474372238955,0.05589118373912699
68,2,0.15355940161453394,0.10040154737629933,0.0997087274433035
68,3,0.3066067158345797,0.2023906383147337,0.18087300174640428
68,4,0.4037790083163808,0.2797474130330754,0.2567629786597403
68,5,0.21993779385683876,0.1319710930634315,0.13186558899269152
68,6,0.17916008073340736,0.17588243399881448,0.20389109095479457
68,7,0.5225396771059428,0.3684291902546671,0.2843683541649266
68,8,0.6460589299009829,0.45217931898497177,0.38065217648236654
68,9,0.8124785468021529,0.6050424507525756,0.5923239318965504
69,0,0.010556979944540752,0.006215923077107006,0.009001943470799786
69,1,0.03898592576457757,0.01707408329103386,0.02242407274910932
69,2,0.06213099658052381,0.03397805188485062,0.04101951399764748
69,3,0.1030461083058975,0.05223082660668203,0.06024204224609759
69,4,0.14597414199927075,0.08112836658945397,0.09042783259423205
69,5,0.1944626952045529,0.11600608584290802,0.12152032941290757
69,6,0.23518576278102435,0.1502613011931834,0.15702890194357824
69,7,0.3149358020407902,0.19451875116028908,0.1880587839667664
69,8,0.3653948338738053,0.2548925323177827,0.2614372350348383
69,9,0.6199529411764712,0.6329725490196069,0.7092392156862743
70,0,0.6073487192430503,0.22078562236911078,0.2651501356938342
70,1,0.7357427977181692,0.27144945527748315,0.31268971324589395
70,2,0.4924843452405966,0.19885936826786377,0.2069316366969014
70,3,0.42442277533496087,0.10878337420652351,0.16163336810374204
70,4,0.19651483791776203,0.0653317536672955,0.06958514733236497
70,5,0.10438942310518326,0.032475767633886946,0.03240055579711701
70,6,0.28430803415281114,0.09781262931493123,0.10241170423541014
70,7,0.36634882746537006,0.1721219046651685,0.14020492375668736
70,8,0.6207484390404185,0.40069284697120156,0.5452048417132308
70,9,0.731002415123733,0.5137001977131741,0.36322812277337196
71,0,0.15016709296068362,0.1555512134777035,0.1369722747123441
71,1,0.21688139330706632,0.1789506639170766,0.2767353383561113
71,2,0.11040685145652025,0.08876693762604694,0.1040016724744908
71,3,0.26865723877918773,0.2274849955023134,0.16127586156045862
71,4,0.06569034219106223,0.04634971131606834,0.053340537783962465
71,5,0.22161090334495717,0.09425289656582526,0.09153206338881986
71,6,0.4643010584186545,0.03735349617702648,0.1543910338028013
71,7,0.3360447795174554,0.31306589649022754,0.22683150004446723
71,8,0.4852440883571906,0.43836355102440605,0.33868701312403565
71,9,0.6418232311935852,0.5676091602674151,0.5526671885484724
72,0,0.1895745215794331,0.15108484426073085,0.15755412764034266
72,1,0.12353506959812256,0.09137732367913222,0.08312167056048564
72,2,0.2734941524843031,0.22921233299799906,0.227747634098417
72,3,0.03844824221188057,0.03346009735332617,0.030267615077936898
72,4,0.36977593632446926,0.30596495401599916,0.27324220782762143
72,5,0.568776872494183,0.43627361446862273,0.3296063509117828
72,6,0.4814530230733517,0.34391290462322804,0.2328804230395035
72,7,0.27284000924028484,0.14690623986864243,0.07586471510278804
72,8,0.3919418551764512,0.23345344309610358,0.13621354729207388
72,9,0.6739047329712773,0.5979537715667431,0.5235281459258904
73,0,0.3860506837799644,0.23584308941423476,0.35342163355410067
73,1,0.2969488668536629,0.17945736051303335,0.28032417466650444
73,2,0.1838464930678839,0.13485061971399523,0.2178299793130497
73,3,0.10161893937771872,0.08425769549427083,0.1566741196297287
73,4,0.04650135498751418,0.04364205008530186,0.08424017355700188
73,5,0.12000629383633575,0.14167870601270152,0.35286870199166104
73,6,0.23607622184052376,0.22789849830734663,0.3791997110072809
73,7,0.3451036227616784,0.34808924949293546,0.4404534886257769
73,8,0.5272464394389569,0.46788562991774935,0.5174489998020031
73,9,0.7949052138916645,0.7722954171411175,0.7907282938150426
74,0,0.07601691109797479,0.04833517983860818,0.046535123720784353
74,1,0.24078131979886377,0.16649142691490887,0.12040384743330262
74,2,0.34147965469207175,0.2401077987924762,0.14363011539330153
74,3,0.37067351089288414,0.3198524698874809,0.27769582892528455
74,4,0.15705482291732456,0.09784197057791905,0.08017460592348404
74,5,0.430354238322458,0.40558564355555315,0.41224934823508985
74,6,0.5769658139499024,0.54658165291898,0.6546027619150797
74,7,0.5940446474826262,0.4904370555267963,0.28283175560054924
74,8,0.4600713954121543,0.3684249976224045,0.2234898627366239
74,9,0.3894391692823736,0.06696347661635425,0.055662809888412386
75,0,0.19865359713635652,0.23111484796565424,0.27493055481645323
75,1,0.17647996409049097,0.20316142116872937,0.2397755420270086
75,2,0.15314331177498475,0.1752417616261131,0.2048441638435378
75,3,0.2340947944231272,0.2794747062873186,0.31547447388761646
75,4,0.12629798002990567,0.1416665901333185,0.18276438444229867
75,5,0.12398333622814955,0.13471852449057392,0.12909981585512423
75,6,0.0975621172839034,0.1036269297635254,0.14601094219198638
75,7,0.08756555149316071,0.08983351517023326,0.0948536005085777
75,8,0.05293160128947393,0.03781889195062893,0.05067374993647752
75,9,0.11310256005887556,0.06373074699048255,0.30725700467854433
76,0,0.1954031471665786,0.25327917511215503,0.19254397458592726
76,1,0.15568184177862276,0.1403771381252767,0.12824543939335842
76,2,0.08680754875689002,0.07003627188155369,0.07177026306503434
76,3,0.3806584377289496,0.26001921639799913,0.20185783055947545
76,4,0.5349977110393509,0.38068712942274713,0.2692627340668789
76,5,0.29906921978753565,0.39333480064422577,0.2562414231471436
76,6,0.471101386768265,0.04958732757216963,0.0638091790101144
76,7,0.4109235398682617,0.4557369303636902,0.5424846928697862
76,8,0.6947770036047614,0.5340398316723031,0.36346385324439623
76,9,0.7201669195751254,0.1564283376476636,0.11678806272129838
77,0,0.1962070354534056,0.12312648274115072,0.11433815684219832
77,1,0.2500061712333623,0.17539028881371888,0.1573244200708421
77,2,0.14648374719613835,0.08835136237470055,0.07800094564011138
77,3,0.09966375093049203,0.054736188348021554,0.04946200437464151
77,4,0.04738974964600937,0.02278576947093721,0.02133167164180245
77,5,0.3081743856443248,0.238592233388789,0.23399567393665444
77,6,0.4666205943330944,0.3583652451996942,0.289015000609789
77,7,0.5268899978763957,0.49468570821829655,0.4721844694556418
77,8,0.5820726242965043,0.6923253396422718,0.7041560024375694
77,9,0.5899947298009625,0.7634944122377241,0.8779320549722746
78,0,0.08369119892163566,0.04699081642534324,0.0659347184113626
78,1,0.1295365269276554,0.08410439040910353,0.09601052886972082
78,2,0.23701719550053107,0.13334862046257653,0.1398157480949856
78,3,0.16594914951460885,0.12198725802654047,0.13016810239532867
78,4,0.23571663751290203,0.18426966561183974,0.19439936687871295
78,5,0.2980542771873888,0.22705310573732435,0.2315297185730703
78,6,0.04270443157732876,0.017209847031814662,0.02874979455951392
78,7,0.35513011275334866,0.2830191138056549,0.2766390277964259
78,8,0.4544435339247614,0.3615818101922668,0.2873891046424697
78,9,0.9001661681621833,0.933439680957132,0.451419076105017
79,0,0.07404748037830756,0.13483331946639732,0.2389481931386238
79,1,0.09728292435106191,0.10687833612221062,0.15077529073690343
79,2,0.05773285345477426,0.05573288781853826,0.08817872882042134
79,3,0.13922089154225276,0.2150182384573541,0.31324420313355233
79,4,0.023486637268971145,0.020353280076709925,0.033612084045939204
79,5,0.2242358673067433,0.31585966420672545,0.44797640371615827
79,6,0.1640160723705815,0.16136143753436816,0.19835213306844024
79,7,0.33204840123792584,0.2573864725043067,0.17965591922288643
79,8,0.4892949967511622,0.4159356725146152,0.2264017887856892
79,9,0.7177173378312129,0.6232219411061869,0.28346862042307946
80,0,0.044938226955056795,0.0291463133991167,0.08547879441731021
80,1,0.25523714029781125,0.06631232046077044,0.10830258346419558
80,2,0.458201078161125,0.08409027177857134,0.15907992902797216
80,3,0.6286949331933478,0.18648930690454005,0.20484874394908986
80,4,0.7290203251407685,0.3887353530385328,0.36921870917168137
80,5,0.7850515941671986,0.7405112044817348,0.7540981833909497
80,6,0.10064391067265085,0.08061330441614095,0.15852234984554056
80,7,0.44571730800215653,0.36089499751312654,0.4531352233640708
80,8,0.3373043845418776,0.2584691511663312,0.36715275154257776
80,9,0.18481041006424156,0.16256342016199937,0.22942053177019706
81,0,0.07295371142381606,0.12307329449955152,0.16052236534378406
81,1,0.09467260950623581,0.1580637630998141,0.20217409573491762
81,2,0.04930268900797486,0.07706924175814729,0.10706084929610081
81,3,0.12104858068837825,0.20079225409665158,0.24637569010207253
81,4,0.11022711909712367,0.1034704823972782,0.1086868284211523
81,5,0.1664580461697086,0.14106719318506386,0.14876214365839746
81,6,0.32047081623344387,0.22756440948471743,0.3456577747377826
81,7,0.30074802147457663,0.2846893753568182,0.39068897425210336
81,8,0.1683733428899059,0.02867640535062292,0.19214027787201082
81,9,0.12451142511904939,0.03506455608369854,0.10524208801587684
82,0,0.05781639911577241,0.04396314539859958,0.04430319581916311
82,1,0.10623859099806679,0.08618438218589544,0.08899817455970126
82,2,0.28224625740281806,0.07903798964536897,0.05330687387759072
82,3,0.3604919920270535,0.1359857649423364,0.07142664585323505
82,4,0.42074081833186633,0.20966465650114846,0.0697155341403997
82,5,0.46094707568183163,0.2726677557891998,0.07936731443984454
82,6,0.15941262973183076,0.1592537474159609,0.16190920052184407
82,7,0.40606239014318535,0.26817650471850396,0.1885834229253152
82,8,0.5867099314973481,0.46289763430125336,0.45129101145407363
82,9,0.831504968441829,0.824280512094166,0.8681808067816346
83,0,0.14336118575473702,0.1615175646784316,0.17711361303442036
83,1,0.10674955824789946,0.12005412271783145,0.13478121952039768
83,2,0.07461177690358407,0.08129735004422622,0.0963010398560559
83,3,0.04368084448003157,0.04153435002175738,0.060665770134870955
83,4,0.019129929557021086,0.015448754473949744,0.02868070200528137
83,5,0.19938712972420905,0.21198101303852424,0.22614398159671886
83,6,0.23824805805763716,0.26244078950029415,0.2789358520841093
83,7,0.2739594484995255,0.2998215733981233,0.3197994370496877
83,8,0.34646298500859596,0.3169594363313163,0.2988758735380519
83,9,0.5460545409499099,0.32981347773767433,0.25537357542295785
84,0,0.2044849476130555,0.2883975905138745,0.28647234807576516
84,1,0.11048067157897877,0.19609724395643705,0.1751196032657426
84,2,0.06771531859692699,0.08082617322667089,0.06279239018514866
84,3,0.2243878343194237,0.14355358630258414,0.09621140548474724
84,4,0.41955460984680376,0.20272173784387468,0.12031913208920852
84,5,0.5100516612577566,0.32307933738000855,0.20447661154596128
84,6,0.37847934918647896,0.04765206508133331,0.04477847309136876
84,7,0.6531666199494613,0.4107063628718798,0.23783632990297957
84,8,0.38716864072194046,0.45503715868748634,0.5430053747387519
84,9,0.7722587528509866,0.4916885513233756,0.2792012808425798
85,0,0.1927740068124439,0.20651453380632476,0.23080849261396727
85,1,0.26491787543168865,0.30563483669786384,0.3376311643981048
85,2,0.10799652989571694,0.15692478170731813,0.0959550705885641
85,3,0.3263532276795185,0.20396877117215628,0.12287315549011389
85,4,0.624528312632087,0.26939798283531896,0.16999310906471216
85,5,0.3512463323119836,0.08170759586325384,0.08914636985396363
85,6,0.06855634469361628,0.055855276242130575,0.038816664390307024
85,7,0.2101946540383475,0.1012639049051959,0.07049935707191624
85,8,0.4483344234654948,0.42896786290501177,0.3837305774793238
85,9,0.6328966358117184,0.6202398725987974,0.5197521648253209
86,0,0.06370213498259454,0.17344354184449107,0.16287914174569762
86,1,0.03806073393541525,0.09879466938288997,0.09144969282478993
86,2,0.10698206756934434,0.2499091640446039,0.2442036414324541
86,3,0.12308157210971249,0.3001198703525347,0.3601653742098256
86,4,0.17432812770279038,0.3456531025921231,0.5227246272101342
86,5,0.24435990421700213,0.5118691185528064,0.6043171510163705
86,6,0.17623740365764176,0.4174174216785686,0.35594041259005577
86,7,0.23673740879519273,0.506400117045517,0.4610276167950129
86,8,0.37919717961923677,0.618690047020332,0.593819112099231
86,9,0.015269113872141978,0.02933261524516185,0.02926810900500095
87,0,0.4695381506620773,0.3700641170771721,0.3104806701567117
87,1,0.5593236868429189,0.45318665763873084,0.4080654913664012
87,2,0.3210041071084712,0.09334362977658667,0.1351385241169902
87,3,0.13880357380038158,0.06841733509983497,0.09062344390118779
87,4,0.18173829350458845,0.12658067483353078,0.14014819511415202
87,5,0.4489622749684352,0.22848755876619978,0.19645591101936877
87,6,0.36864745898361356,0.2984406489868404,0.2770462730547215
87,7,0.31349639266650176,0.2392949892654919,0.22358073246912932
87,8,0.2511727289677823,0.179744193292864,0.18147860331188714
87,9,0.06854918715335909,0.0343162523327453,0.051355639662309126
88,0,0.5950980163748538,0.45981372023697464,0.31253247379138915
88,1,0.5487317690543057,0.4038236837550293,0.2761642730057138
88,2,0.4759387479195969,0.3478742732689963,0.2633303330594417
88,3,0.6710741461159286,0.5102439701139956,0.32513384618821467
88,4,0.3144017295441105,0.1791560727665283,0.15521197757965896
88,5,0.17684153159171567,0.10953865507159524,0.08376229152746445
88,6,0.3961005023351063,0.040585410210913685,0.04943365910072117
88,7,0.591863891265091,0.34713877566994245,0.415881402461166
88,8,0.06346938721864169,0.02688595073480124,0.12669138780917738
88,9,0.08434989505886843,0.05224854152994634,0.042610089587317254
89,0,0.3274039665065603,0.23730203796036892,0.21925395679849513
89,1,0.22830465723045107,0.15104795039283211,0.14524053474212076
89,2,0.12082366507858565,0.08920699638462991,0.0728359665907937
89,3,0.4676806820989545,0.3029094298430708,0.22412993910275344
89,4,0.41762326503634234,0.16857105089226956,0.09323851068515722
89,5,0.6121512266026999,0.39468022307262907,0.2669219245943612
89,6,0.15682844894230394,0.3039094806381243,0.08797441844119426
89,7,0.2757860292431976,0.45844057191914384,0.15643843538791183
89,8,0.7548816649243589,0.5243610314382059,0.34507480747655844
89,9,0.42952828716263464,0.6357285646785581,0.22909854378998312
90,0,0.2031232820700902,0.23706615604659026,0.20198726508379625
90,1,0.09139435132447415,0.11621962183041053,0.1123392832238251
90,2,0.04420795265001193,0.03319413099455706,0.034880029218684765
90,3,0.36957440969683164,0.28029823401865356,0.20347031381053496
90,4,0.28778561398797786,0.18610176682728694,0.1504719765288915
90,5,0.18064748948453374,0.09857286086587398,0.07733837870595488
90,6,0.6177219002184722,0.38044456089786033,0.2065137613297362
90,7,0.7944146765689198,0.5833690742612176,0.3231170763726336
90,8,0.9265898562336807,0.8530139345544826,0.4640275743928081
90,9,0.7680382988730913,0.6074485089828107,0.7527091828802589
91,0,0.09073429943949941,0.07922732868169265,0.08640845089224676
91,1,0.06718207380878019,0.049638944996788954,0.061923772372212936
91,2,0.040266292566878976,0.023974500367014775,0.03833381926869332
91,3,0.11591026024898628,0.11938323843920211,0.1159805120801436
91,4,0.14244497287715463,0.1670569243369513,0.1584683540464023
91,5,0.2330728488579265,0.24428127589068868,0.26328500414252637
91,6,0.3560234683417539,0.18807476717049518,0.1687120765992711
91,7,0.2898649311711002,0.2929692801409573,0.3064306459458877
91,8,0.5364376030786328,0.3427029503390058,0.37437053326004016
91,9,0.39825807571103516,0.4066430454568203,0.3850760972387922
92,0,0.10939540871792681,0.09297087102222362,0.08494390298436241
92,1,0.17107428219176243,0.17774326713097832,0.17069088910138153
92,2,0.2429999696516137,0.25355724954959424,0.24334936282099626
92,3,0.3131377553327487,0.3266304547709999,0.31284280262950714
92,4,0.39944760348588043,0.4212466230936742,0.3982588235293354
92,5,0.48448361398108963,0.4949673779486082,0.46664878366761625
92,6,0.32643590769641273,0.16326975234537536,0.06454403983818695
92,7,0.5275643447957661,0.36393799013775885,0.23885693225659874
92,8,0.46689902976051784,0.29524379585242816,0.12300871361604485
92,9,0.5948231251263838,0.5805666734048109,0.574745637086447
93,0,0.0849879845971494,0.08492510597567463,0.10704516463058428
93,1,0.04709671642703871,0.04400621918418604,0.06260816913485992
93,2,0.021598536444121984,0.015120399096835735,0.02081898625619048
93,3,0.11462428678325012,0.12363196120664045,0.16086942867940898
93,4,0.1457780542066242,0.16363817588848562,0.2072503568324491
93,5,0.18718103112920953,0.2062190135657392,0.25690371547524565
93,6,0.2806006757425244,0.18887781500487255,0.20508503329233588
93,7,0.2747481132332655,0.28827797909343567,0.3547259533735002
93,8,0.23065580292840468,0.24876657475335104,0.3073075521936016
93,9,0.3502000532475337,0.3477469167050948,0.41916686353256916
94,0,0.19138698424153708,0.16387534049337107,0.1036118312732011
94,1,0.27478009063904646,0.19474008728632186,0.13457844342868575
94,2,0.11910558161111219,0.10839184055655844,0.06009051125494791
94,3,0.3405711819445102,0.2744596263702415,0.25230290398190613
94,4,0.3608204407811072,0.2417696985484162,0.15891376952488992
94,5,0.4405641216555676,0.294256740168163,0.19883118935320676
94,6,0.5365495630656516,0.3575877409787258,0.24293721616612318
94,7,0.6311297133443456,0.3987380404980833,0.2910435211586867
94,8,0.04803223872565979,0.03147393028569535,0.022680462098852626
94,9,0.7109175289266949,0.4560818065795399,0.3532236391060667
95,0,0.08796508146320535,0.1323760143149565,0.18830855832819285
95,1,0.05711022862735641,0.07298724110789785,0.11428241672293461
95,2,0.032291174774093725,0.030923247805856945,0.05347185026106102
95,3,0.11635028871485986,0.18835992785624137,0.24954520669427313
95,4,0.14842194912648218,0.24460329334041286,0.3094180469875429
95,5,0.1907948941646897,0.3059269021588103,0.3678699905332452
95,6,0.22495346090244886,0.38043782975035,0.438322702574965
95,7,0.3632458796521083,0.3836222898170705,0.49757185003096616
95,8,0.2573949173283271,0.10285010956487307,0.051841258999974646
95,9,0.2913099707968254,0.2012724238631619,0.6149144764288724
96,0,0.1203636031038759,0.05650924544536338,0.09220344280560273
96,1,0.3003742634177394,0.11564645925260843,0.06510778224328942
96,2,0.21965116581317093,0.1667689659454395,0.19299212393749926
96,3,0.2037440016907264,0.19690984468083217,0.3678126432942006
96,4,0.6431040316207789,0.5843564760359088,0.5862448287107501
96,5,0.5695574927356074,0.4740353087685741,0.45546338485583865
96,6,0.4578517661547288,0.36679269121535407,0.3851718216353323
96,7,0.3176308678368801,0.2538570838358205,0.2568976394658131
96,8,0.5341453397636892,0.2858145292826975,0.1348149712707785
96,9,0.5160527846119137,0.2034059494520312,0.3830194587340327
97,0,0.023335286347611513,0.01123550201932179,0.016821374795949175
97,1,0.06246739339729388,0.047522131778572334,0.056154801817597924
97,2,0.12334554883846822,0.09005434937671564,0.10719918572146532
97,3,0.33890351820929643,0.2594283977308025,0.16849220092147538
97,4,0.2622126422956362,0.17421470796726804,0.10040222861597009
97,5,0.1795724271196941,0.1455936116889622,0.16740278691323487
97,6,0.4717490121789389,0.35849154722274723,0.2081946204956003
97,7,0.6130743464052865,0.5023300653594751,0.2608602941176511
97,8,0.17516512053270128,0.04129692111546863,0.02078276406958759
97,9,0.7082197688459493,0.5779339888448027,0.48390546834569975
98,0,0.056211068276899076,0.08220504591360694,0.17747175818482772
98,1,0.03237100905511793,0.04524737033577512,0.12704260131608291
98,2,0.029555300381025922,0.02553267683881976,0.04265416311441932
98,3,0.08233711713976521,0.11509810902761336,0.23739638746550648
98,4,0.11774716360506707,0.15037720238869376,0.2961158453954865
98,5,0.30129974672034476,0.24603593062265655,0.5696944258372811
98,6,0.19511074569599735,0.2519381119665144,0.46147278903090855
98,7,0.16126377653286897,0.18364691831523874,0.3720204656374813
98,8,0.22309637368461516,0.3130077977136869,0.5706044579993922
98,9,0.342462550237491,0.4464628750050526,0.6278439491738885
99,0,0.07500805704095229,0.08843165775405884,0.13346795008916587
99,1,0.1148562526554061,0.1386759452872453,0.1929515251316006
99,2,0.04316640706773197,0.04711706762934732,0.0713502873657961
99,3,0.14321711923120226,0.17997788119605407,0.27952827460180196
99,4,0.1760521345313009,0.25466560227068075,0.23940430349893566
99,5,0.4564789139837485,0.4432536742656428,0.6495276196120912
99,6,0.21761622136949288,0.2692956682063406,0.35556518321142916
99,7,0.32272327171780407,0.34801073791284337,0.46388381068455886
99,8,0.4698385434557916,0.35328200672229676,0.15524885323418888
99,9,0.9085036851620141,0.8443679599499425,0.5147615074398577
100,0,0.3767657745212478,0.3505353275882101,0.3393462080794255
100,1,0.2831314422679888,0.2365683253899327,0.26259716976971514
100,2,0.4459036976583756,0.4397144272152001,0.36740396621116095
100,3,0.18753444427075197,0.1588714934908093,0.172345252034744
100,4,0.13045553237556437,0.1007881399423635,0.11519002025465522
100,5,0.02941224260924384,0.02816502108622365,0.026006437889001085
100,6,0.07762963378058513,0.05501316884945466,0.07845272022797356
100,7,0.32144535975311306,0.21687249612487683,0.42246507798519567
100,8,0.2624962395307817,0.01874235667938772,0.07799133089459998
100,9,0.12563853353133686,0.0015353419737335274,0.01709301350330243
101,0,0.06882233302054219,0.08926592029151885,0.2379477998653641
101,1,0.0849947631982025,0.06703765326389671,0.08592217899631213
101,2,0.04910181327218117,0.025808104011720363,0.039718424401699405
101,3,0.14447485660930587,0.16554515139389378,0.22549553154595503
101,4,0.09678354100261385,0.12922796704888864,0.296940017386245
101,5,0.11718408181564643,0.11729447495003091,0.14079152720050273
101,6,0.13455591368967335,0.21071425373802782,0.38848576416872777
101,7,0.1759121142025643,0.2153147992015653,0.4489390794907673
101,8,0.23677406791597086,0.3256846267918477,0.5307724801151191
101,9,0.3181257102472836,0.3918480683282452,0.6190785960094366
102,0,0.16561114747967232,0.22189261926283455,0.1657911198395501
102,1,0.12079149369875773,0.10877708703316977,0.11245743806502889
102,2,0.0687915910622207,0.04888933027398099,0.06968656830672902
102,3,0.033205580595706476,0.016011439831044895,0.03280026934720702
102,4,0.20510278834544227,0.021650979381705827,0.1200297073222495
102,5,0.2454938488275491,0.210761912099999,0.32390182095247305
102,6,0.07273434014119422,0.08224563593411899,0.23602226036300306
102,7,0.12240665496967643,0.1707521470126561,0.3505532982423409
102,8,0.2264310762088279,0.31235615152861274,0.5035548476317132
102,9,0.3996134654578709,0.4978459484152179,0.6812214491531269
103,0,0.05095743526187297,0.039613683871103644,0.11938975263549433
103,1,0.07057484143079196,0.06536960837979175,0.15820994451420362
103,2,0.09845414005604655,0.09835222408963226,0.1994180840335944
103,3,0.18628710287320824,0.18702114854003915,0.300649541829359
103,4,0.13816557146921138,0.13762105598073057,0.2413982046741914
103,5,0.24671111038044258,0.24838199673384592,0.3480918247678722
103,6,0.3285625384200564,0.32307684523949076,0.38585786527225935
103,7,0.18608183157656266,0.045662221214753114,0.14645308348130687
103,8,0.39673415674992935,0.41342093884537534,0.4433109619686408
103,9,0.2553581587373913,0.18110408573487297,0.5757434888848947
104,0,0.02380183971827347,0.013447586184527417,0.03249127682933115
104,1,0.04084778374372315,0.033299402075160474,0.058525139744262655
104,2,0.0759383645134464,0.07317705643694794,0.07617282070403322
104,3,0.10897928644786334,0.11500587467178694,0.10637584433590691
104,4,0.1500940102068329,0.158922389351492,0.14671188109948463
104,5,0.2594763115068038,0.20177711951014513,0.2787861056762522
104,6,0.14094308126239288,0.009308361722061079,0.027987880500477416
104,7,0.18547916174061982,0.016439937296949474,0.09119792624508345
104,8,0.21012323764053673,0.2534522862214653,0.175272897920879
104,9,0.31416690656686935,0.3897962447621827,0.23350926014778003
105,0,0.06879169634555228,0.06686443482039538,0.11463652766935371
105,1,0.11135648990414425,0.1260631583675626,0.18167924443545994
105,2,0.03796958298097646,0.028347047305412525,0.05790358361208765
105,3,0.15625664272623754,0.18261273935524308,0.21925756101223512
105,4,0.20598630986787173,0.2408435684679186,0.2699423331943212
105,5,0.2558527944174168,0.29774718573910186,0.3446102202212886
105,6,0.16987142711440714,0.1495321145363251,0.07403426910427464
105,7,0.36883680938969265,0.3696492142433937,0.3764102246995824
105,8,0.3741031714700148,0.25474952844669996,0.06169561784448329
105,9,0.4827228292664722,0.48226329993016537,0.3738039970559784
106,0,0.09869799040903174,0.12507027467556198,0.14486068232623794
106,1,0.13231122299943066,0.16413880306320985,0.1812769061247696
106,2,0.17039026624931006,0.2032771239406096,0.21861636180520694
106,3,0.2136962735295469,0.24457252364726426,0.2613344328025845
106,4,0.06967013921676407,0.08743264197064904,0.1034025115663908
106,5,0.039272921849523544,0.05251537041407435,0.06700641970176911
106,6,0.015043883299235703,0.017471428905363212,0.0261865094621302
106,7,0.25726782543537974,0.2985127144183722,0.3255727325546338
106,8,0.46273124090625267,0.3880135799902997,0.4320561675789302
106,9,0.9109115401885911,0.582248166442149,0.25949708127525756
107,0,0.17283751724028576,0.115378742201352,0.07649632226669908
107,1,0.23960606766762702,0.1720217051166967,0.18632688615910392
107,2,0.3474815872088247,0.266575445615771,0.21861040556841488
107,3,0.41041883835481674,0.3460328390834513,0.3061152632033532
107,4,0.45241077082644154,0.302542398552902,0.19895678715832987
107,5,0.5057492591766972,0.4205710393560393,0.2917340383948101
107,6,0.0709790409668156,0.05419007429809632,0.06960082734399037
107,7,0.5612336979195759,0.49365783316103135,0.3833724825114142
107,8,0.6572226927835214,0.49882241525774745,0.3260361315056497
107,9,0.451980993503482,0.041415037608821315,0.10378651209100079
108,0,0.10837127893176296,0.08773949902709427,0.06481662978507363
108,1,0.05427865934600376,0.04762585671323524,0.029434291343848274
108,2,0.18220436665163792,0.13355949217128263,0.10192212403918546
108,3,0.16066249825493661,0.033622675962232805,0.051629992303124574
108,4,0.2320046293205245,0.17797956867195402,0.3203973871046543
108,5,0.42397717295867937,0.3055823822066008,0.5298624524436748
108,6,0.26699582693811147,0.17595872552100392,0.131022307697047
108,7,0.5972298706716052,0.4822566303117642,0.5477637523094082
108,8,0.30238154510000365,0.06594571111988787,0.0818736058027871
108,9,0.5451933505550609,0.07858584265083478,0.1330158479751253
109,0,0.016218250028470247,0.007359223541000662,0.024200148579603262
109,1,0.03297799534388676,0.02204679463619592,0.044830340305638414
109,2,0.050344988890204376,0.04346275289438028,0.06731181538221877
109,3,0.06895505699329545,0.0718577552456913,0.09230338600855846
109,4,0.09977815771998631,0.10582646061866383,0.11556130178870103
109,5,0.13020907870998155,0.14333517230833617,0.14615080687304796
109,6,0.16323821995327956,0.18334266437661847,0.18710955910030735
109,7,0.241223819073082,0.25030219474152243,0.2775442847593658
109,8,0.3342505815885984,0.31941686052951296,0.4048529965658742
109,9,0.20418868996873948,0.026322818982666918,0.1255697641375375
110,0,0.5309904565157479,0.5377330472935858,0.5030645090093327
110,1,0.3918407228433468,0.4273851853650649,0.44348033723128133
110,2,0.2872404270535792,0.3332227976786791,0.3679047675772972
110,3,0.5157061721806983,0.44757437154387836,0.3251162990076105
110,4,0.680449684594191,0.6411573896079241,0.5619485383114456
110,5,0.22094061422374012,0.21122031147230777,0.28509604878002437
110,6,0.7408166438000945,0.6073127549841805,0.345696945547518
110,7,0.4974339591593082,0.6196325264960797,0.2584239675413837
110,8,0.4262998163845774,0.1412551176058581,0.09828149924048685
110,9,0.12257209061517578,0.09792712778527063,0.11374378615856554
111,0,0.041462749642194256,0.027846499897836215,0.024193942698795608
111,1,0.07063740291972294,0.052985882112749204,0.05512660449068764
111,2,0.09691829322318271,0.07706078706460087,0.09649115318328184
111,3,0.11336856218944744,0.11464270857013831,0.1446787879912564
111,4,0.15143834495400374,0.15353366722314568,0.1978228419915916
111,5,0.18012778444711935,0.19760090702949337,0.2621648659464168
111,6,0.30143459425262126,0.22819345716557252,0.24513839121427536
111,7,0.3415864973452736,0.3334330889679895,0.29469321554039246
111,8,0.21938344882042812,0.11769901665827168,0.06997154798046738
111,9,0.3438632742830407,0.3464705602361268,0.40078117781458844
112,0,0.32771522236652695,0.2660122471701669,0.2837543143440729
112,1,0.5023715115746028,0.34192672530024715,0.27016116927093775
112,2,0.40164457252639785,0.17996044527319624,0.145149573374027
112,3,0.20287407949607097,0.3968741682193001,0.12961749179308288
112,4,0.0969348697137238,0.13025136622903516,0.060098648824721164
112,5,0.14794421010943512,0.2653359527987643,0.08876609009369793
112,6,0.28251690387768236,0.5306846043170782,0.18013016586212996
112,7,0.4253928873672104,0.5135951020362661,0.49264230365287287
112,8,0.696561637572362,0.4872244754301703,0.29335024061630155
112,9,0.7168203988651837,0.764876385336703,0.6519244476122751
113,0,0.28388473998294766,0.09184436487634955,0.05572787723784726
113,1,0.40898072629515403,0.12256662400188421,0.07767086272578573
113,2,0.28190624770817985,0.20464427865672,0.1357312549864088
113,3,0.5340739655292447,0.18077566115414298,0.09439466889961215
113,4,0.575507016338553,0.2651981710928069,0.1639757409206219
113,5,0.6322974371904129,0.21364168032302014,0.1203227100308254
113,6,0.6862553359407185,0.3850916365148522,0.16502379185402813
113,7,0.08480913934213472,0.03293840136667978,0.024274064631058707
113,8,0.09217047288790722,0.13495164704281365,0.16242048689823085
113,9,0.13986984901856894,0.23112519683811097,0.2508801449466607
114,0,0.03734932895021812,0.022793026706238673,0.015200805841643166
114,1,0.07375755661405273,0.036377036858676985,0.021556534783637445
114,2,0.11570964105776822,0.05961628718592166,0.03609640255448652
114,3,0.16109374596947812,0.10022262522809519,0.06435573829143588
114,4,0.20762307749915193,0.14138969033018361,0.09330533644909621
114,5,0.30788600091202667,0.1688575771393985,0.09484450524397177
114,6,0.46531449331728025,0.3037138232136563,0.1746949466343731
114,7,0.17958809856120347,0.06217597955371077,0.029557011173411144
114,8,0.24279164208157333,0.10562223381843812,0.05483442985822038
114,9,0.3829271451700322,0.22246159381185415,0.12404641122505497
115,0,0.3717804515834273,0.30717932610503706,0.21036584188906754
115,1,0.43825538682708876,0.4186880435486114,0.2774337176417744
115,2,0.48274661432676114,0.47597506709988424,0.32474962203121416
115,3,0.2732414272540842,0.17447006541056762,0.13350722522732678
115,4,0.3594111803938252,0.04965456027732378,0.05487469288832976
115,5,0.05674144228729496,0.03752102736393469,0.14151401958000265
115,6,0.1880477118296322,0.17509079885331616,0.2959302884568259
115,7,0.5082778661203352,0.35142252363427867,0.5467646046203195
115,8,0.5254110398318088,0.2847595230328724,0.3295396324888316
115,9,0.408919750280328,0.19537079128407359,0.12682541847240586
116,0,0.2793610155079319,0.17909382581573483,0.1420799123632476
116,1,0.19402515934877582,0.0818331557599256,0.11069096618628589
116,2,0.13854571135492194,0.0431651817122077,0.0886579556500813
116,3,0.2497419077320356,0.09174965050004981,0.1363954905545466
116,4,0.0833969868184942,0.03123774710555894,0.04038928737000802
116,5,0.033162715581797904,0.010676687759850532,0.01861101312381914
116,6,0.32904051919093397,0.2398341217310057,0.16773296116656639
116,7,0.3777714369329707,0.2916022827041415,0.25921568627451635
116,8,0.11908738206335555,0.14523052725981642,0.06302576350109852
116,9,0.19133741838517299,0.2255074368632298,0.11656839419330585
117,0,0.08655479783102946,0.12267296807483599,0.26158945340212764
117,1,0.0943038950339778,0.11547576628278582,0.1862072886894088
117,2,0.08202075776059715,0.0876418882344715,0.13697307792782878
117,3,0.1368671898811346,0.1827245250431656,0.2856867824850697
117,4,0.06584766843005273,0.05750808721342804,0.09107732193540155
117,5,0.1797896167193547,0.2370621194610707,0.3403996085344216
117,6,0.12565709573308584,0.15595421478953622,0.22687772348215174
117,7,0.041641118736852056,0.027760797280634755,0.04730318831996332
117,8,0.2237888036544725,0.30205285515514063,0.4089559550210957
117,9,0.2745106326553916,0.36887192746919695,0.47133699633705733
118,0,0.02266416017241701,0.008378407646073406,0.01318396573655921
118,1,0.04523506921090465,0.022760860470944076,0.03759256541169573
118,2,0.07129095237168777,0.04344340448717756,0.06535320711149013
118,3,0.10133877678978812,0.0660040469676227,0.09467517384860817
118,4,0.14098025532612463,0.09541589699382515,0.13422629065582817
118,5,0.17706544099664184,0.14335376116697907,0.20054809891674794
118,6,0.2876129340761858,0.14282305606071297,0.1396694753772907
118,7,0.28358945846768835,0.2094013862633926,0.2907164831906283
118,8,0.4010491286380756,0.3754564034634564,0.32221089029665534
118,9,0.3729208480557352,0.3116142038914705,0.2965662460904473
119,0,0.10081852737146832,0.09867534751051683,0.15269643777334957
119,1,0.06535919587507717,0.036745419225798534,0.05213880092808777
119,2,0.2017557663397762,0.08764233794147588,0.08083333054322694
119,3,0.1786583227227219,0.17250990737058391,0.22186600799393166
119,4,0.280291957910043,0.2643201806150184,0.29992099697951174
119,5,0.316415439583697,0.16221247011931741,0.12008460883705004
119,6,0.41078800128358534,0.2287625551389779,0.19869300978499652
119,7,0.427605838043919,0.37768886143818015,0.3645856364305978
119,8,0.551673437802302,0.5748637237832006,0.5824678797810605
119,9,0.6156395458213985,0.3216129286750151,0.3300787105309594
120,0,0.2010342541777925,0.12561906866302752,0.10845368835314265
120,1,0.11501345204589952,0.05098435511644393,0.045399958021928144
120,2,0.27262706203441567,0.1995381265867484,0.16654284205093858
120,3,0.4273592779202826,0.26289518785267074,0.16136543950213436
120,4,0.5416999680674816,0.34034373226165177,0.17760519420531115
120,5,0.46022330873493544,0.386762630710529,0.37586484051542246
120,6,0.7659672423512767,0.5628466432150674,0.3431720198847577
120,7,0.6316391106770262,0.42580552046346387,0.24209120233677756
120,8,0.3515587702938971,0.07012388420074847,0.04451416579942968
120,9,0.7091838015616008,0.6533629584996522,0.6710778037207347
121,0,0.07929070558941113,0.06108157632468918,0.1375388571521503
121,1,0.10603286287438905,0.0635124986341625,0.05550930991659751
121,2,0.16177655597735988,0.10933590698574107,0.09451960912655633
121,3,0.03551020047631391,0.0247183322199357,0.02743108291995166
121,4,0.2287912674348359,0.1718222761269226,0.1478444309682613
121,5,0.12932507124489326,0.09500030745936809,0.21542619412684064
121,6,0.2614946407576198,0.1914443837996318,0.3267966031069927
121,7,0.4308031798498952,0.34424367769394637,0.36216126381491454
121,8,0.37454681381801797,0.0028649360839231555,0.06253858281704047
121,9,0.20144345668178004,0.13976156732746686,0.269339777585123
122,0,0.07747383211214137,0.08064978453399234,0.09035463346520238
122,1,0.1333377644843172,0.16783471806800956,0.20310298733429202
122,2,0.16184498542731487,0.2028172180239231,0.2489516707891284
122,3,0.02150247062235519,0.014275963052211313,0.02524138234755687
122,4,0.04337320716545805,0.044164119852507705,0.050235514666599826
122,5,0.10416677705460833,0.1270159635690323,0.1665581626735658
122,6,0.19100065257150858,0.23727975711273067,0.2921397315049434
122,7,0.2250852543164489,0.2689785159988717,0.3412864761578072
122,8,0.2622653533185116,0.2945992706753377,0.384422075146435
122,9,0.8867224475997241,0.5600912778904641,0.2897143340094649
123,0,0.240775311089966,0.21864845139182607,0.2245032628098188
123,1,0.3670056554365348,0.31231000420571803,0.32830477898247235
123,2,0.5800923271625366,0.4395942248099875,0.21456991142425225
123,3,0.3718954568457501,0.29007143481320796,0.1843160301487671
123,4,0.19870400857998097,0.12045897000932833,0.07285397717661805
123,5,0.7335178169901864,0.5579473493971242,0.2507980209081535
123,6,0.3063118429270073,0.19796251610586788,0.10836786197675971
123,7,0.4958928114089063,0.4227024078264086,0.4624441098368099
123,8,0.09167640222284791,0.04337990823492499,0.02751501871823509
123,9,0.5701188891420604,0.5023572378093475,0.5421806443259299
124,0,0.08812493461677304,0.11313425402722894,0.15135262831931742
124,1,0.06381037956759716,0.0733507436629645,0.09201191013899293
124,2,0.03604787222977257,0.03254612163647941,0.046460544050213735
124,3,0.10748304390693926,0.14066301703162307,0.22262604758042576
124,4,0.14373955911330652,0.18912238594292557,0.27310950345131535
124,5,0.180676451698202,0.2377760304507596,0.34208319165816475
124,6,0.403023344814379,0.3497523693748372,0.38762522230476437
124,7,0.2219187208527576,0.04092435108620053,0.15223707071102796
124,8,0.582397003745307,0.49579307378384496,0.5344789601233738
124,9,0.35340200596366717,0.2620086744375124,0.6034923646878092
125,0,0.03509648530014304,0.027582440835793823,0.21522467730155698
125,1,0.05316873561812241,0.08847186719253608,0.2546114742193011
125,2,0.12962158499023377,0.19043413539999052,0.3086743093959025
125,3,0.09205803577822477,0.08008937395264931,0.1025431472808107
125,4,0.018067994643180044,0.008522909386003382,0.022814004855321233
125,5,0.07552984648605233,0.007392770727510883,0.007346193441578557
125,6,0.26883894774215666,0.23652166506422242,0.39657447428990256
125,7,0.1943749445479375,0.1731740551964899,0.26996055124958923
125,8,0.270347301306933,0.12816835940223612,0.2137820438329424
125,9,0.14130227044549207,0.022839730175446653,0.33379197864629045
126,0,0.07761817323123434,0.03756407316899063,0.03782392591904257
126,1,0.12208167562017805,0.07517925779403448,0.12223648916960146
126,2,0.19395448812931226,0.14008590719242736,0.19713770565694932
126,3,0.1866183679718313,0.09126719166972337,0.0722799778424197
126,4,0.2833003993972886,0.23326545422848927,0.24531072707735727
126,5,0.31492409340796657,0.14947457270092668,0.11054800494868898
126,6,0.36543152271848456,0.2702723430728997,0.4291988458402762
126,7,0.6221233388804358,0.5559004413573393,0.6533957986638476
126,8,0.5430138421140559,0.27320972657641446,0.1914503305959428
126,9,0.5498483234687291,0.023385599942467677,0.20723463348208793
127,0,0.10237260446326926,0.10809373162741913,0.13660242338207415
127,1,0.11836406910616593,0.13693396559544038,0.18034162831519449
127,2,0.14903466284580896,0.1750182996153246,0.23470126202451752
127,3,0.20742570596971655,0.2161137886762734,0.2831020992558615
127,4,0.06607750521989661,0.046156237362861396,0.06488524418797594
127,5,0.039338731521603526,0.019104999250106305,0.03478429301349318
127,6,0.08976148725071577,0.07827167452346155,0.098042062353376
127,7,0.29812067971114936,0.2686563741321396,0.3735173461896214
127,8,0.18562852761736698,0.07743793024697412,0.06833708525007083
127,9,0.33790114780976344,0.3029124697431486,0.4164193295027155
128,0,0.28158585169461375,0.21059922680414173,0.21325003369040035
128,1,0.15601061919816844,0.09738146114046949,0.13140257003432373
128,2,0.08340713715163389,0.055471181458071984,0.07491172207816488
128,3,0.03195829883672833,0.021109139870497885,0.024273546467197406
128,4,0.4299457293184356,0.317403887520069,0.33983983362197484
128,5,0.155962724824057,0.20833622961742548,0.07823529411765241
128,6,0.3555206039635297,0.24367296748550307,0.06711341156135593
128,7,0.5109365485325233,0.3687147902639569,0.09814638899038199
128,8,0.6491602982075517,0.5135815279628196,0.16081189090654524
128,9,0.7203258910138485,0.6670916543299601,0.4916865564921452
129,0,0.06378982826680986,0.05007586837966987,0.04811229362594893
129,1,0.1264061782904959,0.10459818955837183,0.09055816676956008
129,2,0.23798702248648543,0.15984766758688904,0.11481975413510062
129,3,0.36227957963165536,0.24957099572318892,0.06624947434356104
129,4,0.24314976042410083,0.26052944574710135,0.2512780779556288
129,5,0.33498585820063426,0.3620557515281192,0.3311111640766861
129,6,0.16612766737439225,0.17850968172259657,0.18663978289314417
129,7,0.38089410104403343,0.11989261418636998,0.23551736866213135
129,8,0.44536983433904703,0.4475549886344012,0.3905332875435754
129,9,0.5526850514668197,0.5673666341904686,0.5079060168646705
130,0,0.056789581504147424,0.03155340177233443,0.020147149680280335
130,1,0.10528221732549459,0.0680921977146562,0.06211999159977353
130,2,0.18265453738969484,0.10748804367544872,0.07072130518178808
130,3,0.3415205861672827,0.22360805948214302,0.13287824557049865
130,4,0.25552786821985857,0.16349217374526753,0.10672319899669631
130,5,0.4472700701022493,0.2871132878960781,0.1333917239666708
130,6,0.12310788549698576,0.12970395263241866,0.26804100420773247
130,7,0.6022566486296251,0.3932157955898725,0.2312280626709542
130,8,0.7132746165616145,0.47887085868836465,0.4454300558698983
130,9,0.7217426759655058,0.6973393702608571,0.7355862270420277
131,0,0.1690199949874723,0.14730781848219154,0.13467794683075376
131,1,0.3116011652975916,0.21131551657177153,0.15220901411054347
131,2,0.28085549686947753,0.2757930124576541,0.2659091201564858
131,3,0.10120473810949972,0.09137751233431107,0.045351223264531025
131,4,0.21437115940419052,0.35729283898954367,0.07365067288032141
131,5,0.740547950436235,0.6052534509422118,0.48421329973080157
131,6,0.4225495125699615,0.3224097304154071,0.25548814754685323
131,7,0.5848818219162726,0.4352146309043172,0.3071417836424206
131,8,0.3898638553826988,0.3885586780066932,0.3948204680442157
131,9,0.508088306939235,0.5093557095447477,0.5273215892611629
132,0,0.2713070364206292,0.10732716370034233,0.06613924430822568
132,1,0.16855036235157836,0.061486450972779494,0.033453801835918506
132,2,0.09014014623558894,0.10044520223549197,0.14336662201110362
132,3,0.19504509903808281,0.1892583880215211,0.2299891123030969
132,4,0.25759110239363886,0.2640837513467758,0.3098863335404668
132,5,0.2885207906617664,0.3271708840915272,0.384110169374732
132,6,0.32098238718009164,0.3875817892123953,0.45998293446343647
132,7,0.3992066657170979,0.44744227634566414,0.5108914526261955
132,8,0.49436697300903504,0.5460132007460504,0.6270194918775442
132,9,0.4216694521629398,0.35094177116549624,0.3660764148783119
133,0,0.06738818172176393,0.05045597861578409,0.08281046371691443
133,1,0.10761235380524119,0.09331712380383198,0.13545500980555678
133,2,0.15070597232665936,0.14554762215895042,0.2028340292014573
133,3,0.21471453069169877,0.20050703974782327,0.2553900565519431
133,4,0.2750305211718558,0.2664963468846923,0.32327182527149656
133,5,0.34556941875037167,0.3398046788669658,0.3985302231557842
133,6,0.03973040380614185,0.01186005414515595,0.0254128457468197
133,7,0.45488671920526835,0.4364713054861,0.4823574239938203
133,8,0.8854967685398152,0.8567093876656774,0.4226749917844247
133,9,0.28706931163605504,0.005485771408434106,0.09001909163163417
134,0,0.08913535418239986,0.08946349516696608,0.06800375602205305
134,1,0.17550762701014158,0.17733731919262874,0.1731075502893716
134,2,0.390868964123461,0.21790358214028377,0.2374245013067169
134,3,0.24576438350174878,0.3194120925505051,0.23460550724398987
134,4,0.5305482244862625,0.3490383486944202,0.2959775400903968
134,5,0.4977115752035972,0.5269852017012036,0.6549315340345169
134,6,0.7606232701631812,0.46392040027215214,0.30481567616980304
134,7,0.27381769268603906,0.09658625614037082,0.05634464927301204
134,8,0.4853063923469043,0.13621986759160515,0.0686634831638526
134,9,0.22968129948237428,0.2919016165591795,0.4793653267865479
135,0,0.04942638961475656,0.01598617316898831,0.02507516619728189
135,1,0.12408855300633703,0.07928048666414728,0.08152737324572978
135,2,0.20463586458378738,0.08740529456987185,0.23064501719007716
135,3,0.10695255790653291,0.043156812992067015,0.1717454222917626
135,4,0.2670152188436978,0.08716181998444923,0.38702582281855763
135,5,0.3083203900205354,0.18861940945834887,0.33744185714261915
135,6,0.11625246032339559,0.11744338141863946,0.3637055584622373
135,7,0.25969909348668363,0.2697665828042115,0.5859680124595282
135,8,0.4944792337863948,0.4884561247661502,0.8042535444465594
135,9,0.5898414005398589,0.5560128431727086,0.8526816156654285
136,0,0.18097349415359396,0.16300980315341004,0.21449318111638818
136,1,0.12055649355034227,0.10745458229215714,0.15446928254655523
136,2,0.17504399161984027,0.11395752699497015,0.07462592712535185
136,3,0.10656752531957031,0.06823034714613982,0.05265840825305696
136,4,0.2561128182616568,0.165506326908859,0.11821128949093503
136,5,0.04443459763346902,0.05097612858918858,0.09483179464221667
136,6,0.05247059941635189,0.024389783712122436,0.021129147335950026
136,7,0.36090094437925946,0.23326240434639908,0.17100174397560133
136,8,0.42354537581366203,0.3027885202523805,0.2935533179280159
136,9,0.5780055186947295,0.4065268195099422,0.32489330446349435
137,0,0.03580287921685284,0.030644244921405734,0.039284915426222144
137,1,0.05803937400554796,0.07145804143213688,0.12926721920095066
137,2,0.09061439373273958,0.115178302777504,0.19014487234183308
137,3,0.12431921194209795,0.1483693496714802,0.22996490077583964
137,4,0.1571323179649493,0.1789856007141109,0.26776010881191037
137,5,0.22384604089502538,0.14047496437664025,0.49383824408350946
137,6,0.2937965337284537,0.24241376199989365,0.29969769989049017
137,7,0.2219106942323966,0.014614508349738087,0.12933937645926227
137,8,0.3119980109124276,0.2991784203658057,0.43365862383436726
137,9,0.4179607843137473,0.3045040650406357,0.35761166905787806
138,0,0.2624762434524799,0.2315812273759551,0.34853448966096084
138,1,0.18130711643344824,0.176114303538965,0.22250649451922272
138,2,0.14625392218875474,0.12652670013984513,0.13034733412010052
138,3,0.39394506094609766,0.33862786312631765,0.4818228184600047
138,4,0.2969139143416475,0.2654307975544106,0.21891848264728286
138,5,0.08731407109067836,0.07729214830719963,0.0894318935562453
138,6,0.2253363078381406,0.18672554028488253,0.1473884079078446
138,7,0.43243517480920335,0.4068016970791593,0.6937731020755918
138,8,0.39987782805431604,0.2922526395173294,0.13064894419306186
138,9,0.8096223674655026,0.6839052287581721,0.3830973129992742
